TRACK,LABEL,METHOD,CURVE
1,feature.Area.og1.CWHvm_DR_HW_M,,0
1,feature.Area.og1.total,,0
1,feature.Area.og2.CWHvm_DR_HW_M,,1
1,feature.Area.og2.total,,1
1,feature.Area.unmanaged,,2
1,feature.Height.unmanaged.CWHvm_DR_HW_M,,3
1,feature.QMD.unmanaged.CWHvm_DR_HW_M,,4
1,feature.Seral.CWHvm_DR_HW_M.immature,,5
1,feature.Seral.CWHvm_DR_HW_M.mature,,6
1,feature.Seral.CWHvm_DR_HW_M.overmature,,7
1,feature.Seral.CWHvm_DR_HW_M.regenerating,,8
1,feature.Seral.CWHvm_DR_HW_M.young,,9
1,feature.Seral.immature,,5
1,feature.Seral.mature,,6
1,feature.Seral.overmature,,7
1,feature.Seral.regenerating,,8
1,feature.Seral.young,,9
1,feature.SpeciesProp.unmanaged.CW,,10
1,feature.SpeciesProp.unmanaged.DR,,11
1,feature.SpeciesProp.unmanaged.FDC,,12
1,feature.SpeciesProp.unmanaged.HW,,13
1,feature.SpeciesProp.unmanaged.SS,,14
1,feature.Yield.unmanaged.CW,,15
1,feature.Yield.unmanaged.DR,,16
1,feature.Yield.unmanaged.FDC,,17
1,feature.Yield.unmanaged.HW,,18
1,feature.Yield.unmanaged.SS,,19
1,feature.Yield.unmanaged.Total,,20
2,feature.Area.managed,,21
2,feature.Area.og1.CWHvm_DR_HW_M,,22
2,feature.Area.og1.total,,22
2,feature.Area.og2.CWHvm_DR_HW_M,,23
2,feature.Area.og2.total,,23
2,feature.Height.managed.CWHvm_DR_HW_M,,24
2,feature.QMD.managed.CWHvm_DR_HW_M,,4
2,feature.Seral.CWHvm_DR_HW_M.immature,,25
2,feature.Seral.CWHvm_DR_HW_M.mature,,26
2,feature.Seral.CWHvm_DR_HW_M.overmature,,27
2,feature.Seral.CWHvm_DR_HW_M.regenerating,,28
2,feature.Seral.CWHvm_DR_HW_M.young,,29
2,feature.Seral.immature,,25
2,feature.Seral.mature,,26
2,feature.Seral.overmature,,27
2,feature.Seral.regenerating,,28
2,feature.Seral.young,,29
2,feature.SpeciesProp.managed.CW,,30
2,feature.SpeciesProp.managed.DR,,31
2,feature.SpeciesProp.managed.FDC,,32
2,feature.SpeciesProp.managed.HW,,33
2,feature.SpeciesProp.managed.SS,,34
2,feature.Yield.managed.CW,,35
2,feature.Yield.managed.DR,,36
2,feature.Yield.managed.FDC,,37
2,feature.Yield.managed.HW,,38
2,feature.Yield.managed.SS,,39
2,feature.Yield.managed.Total,,40
3,feature.Area.og1.CWHvm_FDC_HW_H,,57
3,feature.Area.og1.total,,57
3,feature.Area.og2.CWHvm_FDC_HW_H,,23
3,feature.Area.og2.total,,23
3,feature.Area.unmanaged,,21
3,feature.Height.unmanaged.CWHvm_FDC_HW_H,,58
3,feature.QMD.unmanaged.CWHvm_FDC_HW_H,,4
3,feature.Seral.CWHvm_FDC_HW_H.immature,,59
3,feature.Seral.CWHvm_FDC_HW_H.mature,,60
3,feature.Seral.CWHvm_FDC_HW_H.overmature,,61
3,feature.Seral.CWHvm_FDC_HW_H.regenerating,,28
3,feature.Seral.CWHvm_FDC_HW_H.young,,29
3,feature.Seral.immature,,59
3,feature.Seral.mature,,60
3,feature.Seral.overmature,,61
3,feature.Seral.regenerating,,28
3,feature.Seral.young,,29
3,feature.SpeciesProp.unmanaged.BA,,62
3,feature.SpeciesProp.unmanaged.CW,,63
3,feature.SpeciesProp.unmanaged.DR,,64
3,feature.SpeciesProp.unmanaged.FDC,,65
3,feature.SpeciesProp.unmanaged.HW,,66
3,feature.SpeciesProp.unmanaged.PL,,67
3,feature.SpeciesProp.unmanaged.SS,,67
3,feature.Yield.unmanaged.BA,,68
3,feature.Yield.unmanaged.CW,,69
3,feature.Yield.unmanaged.DR,,70
3,feature.Yield.unmanaged.FDC,,71
3,feature.Yield.unmanaged.HW,,72
3,feature.Yield.unmanaged.PL,,73
3,feature.Yield.unmanaged.SS,,73
3,feature.Yield.unmanaged.Total,,74
4,feature.Area.managed,,21
4,feature.Area.og1.CWHvm_FDC_HW_H,,57
4,feature.Area.og1.total,,57
4,feature.Area.og2.CWHvm_FDC_HW_H,,23
4,feature.Area.og2.total,,23
4,feature.Height.managed.CWHvm_FDC_HW_H,,75
4,feature.QMD.managed.CWHvm_FDC_HW_H,,4
4,feature.Seral.CWHvm_FDC_HW_H.immature,,59
4,feature.Seral.CWHvm_FDC_HW_H.mature,,60
4,feature.Seral.CWHvm_FDC_HW_H.overmature,,61
4,feature.Seral.CWHvm_FDC_HW_H.regenerating,,28
4,feature.Seral.CWHvm_FDC_HW_H.young,,29
4,feature.Seral.immature,,59
4,feature.Seral.mature,,60
4,feature.Seral.overmature,,61
4,feature.Seral.regenerating,,28
4,feature.Seral.young,,29
4,feature.SpeciesProp.managed.BA,,62
4,feature.SpeciesProp.managed.CW,,63
4,feature.SpeciesProp.managed.DR,,76
4,feature.SpeciesProp.managed.FDC,,77
4,feature.SpeciesProp.managed.HW,,66
4,feature.SpeciesProp.managed.PL,,78
4,feature.SpeciesProp.managed.SS,,78
4,feature.Yield.managed.BA,,79
4,feature.Yield.managed.CW,,80
4,feature.Yield.managed.DR,,81
4,feature.Yield.managed.FDC,,82
4,feature.Yield.managed.HW,,83
4,feature.Yield.managed.PL,,84
4,feature.Yield.managed.SS,,84
4,feature.Yield.managed.Total,,85
5,feature.Area.og1.CWHvm_HW_CW_M,,104
5,feature.Area.og1.total,,104
5,feature.Area.og2.CWHvm_HW_CW_M,,23
5,feature.Area.og2.total,,23
5,feature.Area.unmanaged,,21
5,feature.Height.unmanaged.CWHvm_HW_CW_M,,105
5,feature.QMD.unmanaged.CWHvm_HW_CW_M,,4
5,feature.Seral.CWHvm_HW_CW_M.immature,,106
5,feature.Seral.CWHvm_HW_CW_M.mature,,107
5,feature.Seral.CWHvm_HW_CW_M.overmature,,108
5,feature.Seral.CWHvm_HW_CW_M.regenerating,,28
5,feature.Seral.CWHvm_HW_CW_M.young,,29
5,feature.Seral.immature,,106
5,feature.Seral.mature,,107
5,feature.Seral.overmature,,108
5,feature.Seral.regenerating,,28
5,feature.Seral.young,,29
5,feature.SpeciesProp.unmanaged.BA,,109
5,feature.SpeciesProp.unmanaged.CW,,110
5,feature.SpeciesProp.unmanaged.DR,,111
5,feature.SpeciesProp.unmanaged.FDC,,112
5,feature.SpeciesProp.unmanaged.HW,,113
5,feature.SpeciesProp.unmanaged.PLC,,114
5,feature.SpeciesProp.unmanaged.SS,,115
5,feature.SpeciesProp.unmanaged.YC,,116
5,feature.Yield.unmanaged.BA,,117
5,feature.Yield.unmanaged.CW,,118
5,feature.Yield.unmanaged.DR,,119
5,feature.Yield.unmanaged.FDC,,120
5,feature.Yield.unmanaged.HW,,121
5,feature.Yield.unmanaged.PLC,,122
5,feature.Yield.unmanaged.SS,,123
5,feature.Yield.unmanaged.Total,,124
5,feature.Yield.unmanaged.YC,,125
6,feature.Area.managed,,21
6,feature.Area.og1.CWHvm_HW_CW_M,,104
6,feature.Area.og1.total,,104
6,feature.Area.og2.CWHvm_HW_CW_M,,23
6,feature.Area.og2.total,,23
6,feature.Height.managed.CWHvm_HW_CW_M,,126
6,feature.QMD.managed.CWHvm_HW_CW_M,,4
6,feature.Seral.CWHvm_HW_CW_M.immature,,106
6,feature.Seral.CWHvm_HW_CW_M.mature,,107
6,feature.Seral.CWHvm_HW_CW_M.overmature,,108
6,feature.Seral.CWHvm_HW_CW_M.regenerating,,28
6,feature.Seral.CWHvm_HW_CW_M.young,,29
6,feature.Seral.immature,,106
6,feature.Seral.mature,,107
6,feature.Seral.overmature,,108
6,feature.Seral.regenerating,,28
6,feature.Seral.young,,29
6,feature.SpeciesProp.managed.BA,,127
6,feature.SpeciesProp.managed.CW,,128
6,feature.SpeciesProp.managed.DR,,129
6,feature.SpeciesProp.managed.FDC,,130
6,feature.SpeciesProp.managed.HW,,131
6,feature.SpeciesProp.managed.PLC,,132
6,feature.SpeciesProp.managed.SS,,133
6,feature.SpeciesProp.managed.YC,,116
6,feature.Yield.managed.BA,,134
6,feature.Yield.managed.CW,,135
6,feature.Yield.managed.DR,,136
6,feature.Yield.managed.FDC,,137
6,feature.Yield.managed.HW,,138
6,feature.Yield.managed.PLC,,139
6,feature.Yield.managed.SS,,140
6,feature.Yield.managed.Total,,141
6,feature.Yield.managed.YC,,142
7,feature.Area.og1.CWHvm_HW_FDC_H,,165
7,feature.Area.og1.total,,165
7,feature.Area.og2.CWHvm_HW_FDC_H,,23
7,feature.Area.og2.total,,23
7,feature.Area.unmanaged,,21
7,feature.Height.unmanaged.CWHvm_HW_FDC_H,,58
7,feature.QMD.unmanaged.CWHvm_HW_FDC_H,,4
7,feature.Seral.CWHvm_HW_FDC_H.immature,,59
7,feature.Seral.CWHvm_HW_FDC_H.mature,,60
7,feature.Seral.CWHvm_HW_FDC_H.overmature,,61
7,feature.Seral.CWHvm_HW_FDC_H.regenerating,,28
7,feature.Seral.CWHvm_HW_FDC_H.young,,29
7,feature.Seral.immature,,59
7,feature.Seral.mature,,60
7,feature.Seral.overmature,,61
7,feature.Seral.regenerating,,28
7,feature.Seral.young,,29
7,feature.SpeciesProp.unmanaged.BA,,62
7,feature.SpeciesProp.unmanaged.CW,,166
7,feature.SpeciesProp.unmanaged.DR,,64
7,feature.SpeciesProp.unmanaged.FDC,,167
7,feature.SpeciesProp.unmanaged.HW,,168
7,feature.SpeciesProp.unmanaged.PL,,67
7,feature.SpeciesProp.unmanaged.SS,,67
7,feature.Yield.unmanaged.BA,,169
7,feature.Yield.unmanaged.CW,,170
7,feature.Yield.unmanaged.DR,,171
7,feature.Yield.unmanaged.FDC,,172
7,feature.Yield.unmanaged.HW,,173
7,feature.Yield.unmanaged.PL,,174
7,feature.Yield.unmanaged.SS,,174
7,feature.Yield.unmanaged.Total,,175
8,feature.Area.managed,,21
8,feature.Area.og1.CWHvm_HW_FDC_H,,165
8,feature.Area.og1.total,,165
8,feature.Area.og2.CWHvm_HW_FDC_H,,23
8,feature.Area.og2.total,,23
8,feature.Height.managed.CWHvm_HW_FDC_H,,75
8,feature.QMD.managed.CWHvm_HW_FDC_H,,4
8,feature.Seral.CWHvm_HW_FDC_H.immature,,59
8,feature.Seral.CWHvm_HW_FDC_H.mature,,60
8,feature.Seral.CWHvm_HW_FDC_H.overmature,,61
8,feature.Seral.CWHvm_HW_FDC_H.regenerating,,28
8,feature.Seral.CWHvm_HW_FDC_H.young,,29
8,feature.Seral.immature,,59
8,feature.Seral.mature,,60
8,feature.Seral.overmature,,61
8,feature.Seral.regenerating,,28
8,feature.Seral.young,,29
8,feature.SpeciesProp.managed.BA,,62
8,feature.SpeciesProp.managed.CW,,176
8,feature.SpeciesProp.managed.DR,,64
8,feature.SpeciesProp.managed.FDC,,177
8,feature.SpeciesProp.managed.HW,,178
8,feature.SpeciesProp.managed.PL,,67
8,feature.SpeciesProp.managed.SS,,67
8,feature.Yield.managed.BA,,179
8,feature.Yield.managed.CW,,180
8,feature.Yield.managed.DR,,181
8,feature.Yield.managed.FDC,,182
8,feature.Yield.managed.HW,,183
8,feature.Yield.managed.PL,,184
8,feature.Yield.managed.SS,,184
8,feature.Yield.managed.Total,,185
9,feature.Area.og1.CWHvm_HW_CW_L,,198
9,feature.Area.og1.total,,198
9,feature.Area.og2.CWHvm_HW_CW_L,,1
9,feature.Area.og2.total,,1
9,feature.Area.unmanaged,,2
9,feature.Height.unmanaged.CWHvm_HW_CW_L,,199
9,feature.QMD.unmanaged.CWHvm_HW_CW_L,,4
9,feature.Seral.CWHvm_HW_CW_L.immature,,5
9,feature.Seral.CWHvm_HW_CW_L.mature,,200
9,feature.Seral.CWHvm_HW_CW_L.overmature,,201
9,feature.Seral.CWHvm_HW_CW_L.regenerating,,8
9,feature.Seral.CWHvm_HW_CW_L.young,,9
9,feature.Seral.immature,,5
9,feature.Seral.mature,,200
9,feature.Seral.overmature,,201
9,feature.Seral.regenerating,,8
9,feature.Seral.young,,9
9,feature.SpeciesProp.unmanaged.BA,,202
9,feature.SpeciesProp.unmanaged.CW,,203
9,feature.SpeciesProp.unmanaged.DR,,204
9,feature.SpeciesProp.unmanaged.FDC,,205
9,feature.SpeciesProp.unmanaged.HW,,206
9,feature.SpeciesProp.unmanaged.PLC,,207
9,feature.SpeciesProp.unmanaged.SS,,208
9,feature.SpeciesProp.unmanaged.YC,,209
9,feature.Yield.unmanaged.BA,,210
9,feature.Yield.unmanaged.CW,,211
9,feature.Yield.unmanaged.DR,,212
9,feature.Yield.unmanaged.FDC,,213
9,feature.Yield.unmanaged.HW,,214
9,feature.Yield.unmanaged.PLC,,215
9,feature.Yield.unmanaged.SS,,216
9,feature.Yield.unmanaged.Total,,217
9,feature.Yield.unmanaged.YC,,218
10,feature.Area.managed,,21
10,feature.Area.og1.CWHvm_HW_CW_L,,219
10,feature.Area.og1.total,,219
10,feature.Area.og2.CWHvm_HW_CW_L,,23
10,feature.Area.og2.total,,23
10,feature.Height.managed.CWHvm_HW_CW_L,,220
10,feature.QMD.managed.CWHvm_HW_CW_L,,4
10,feature.Seral.CWHvm_HW_CW_L.immature,,25
10,feature.Seral.CWHvm_HW_CW_L.mature,,221
10,feature.Seral.CWHvm_HW_CW_L.overmature,,108
10,feature.Seral.CWHvm_HW_CW_L.regenerating,,28
10,feature.Seral.CWHvm_HW_CW_L.young,,29
10,feature.Seral.immature,,25
10,feature.Seral.mature,,221
10,feature.Seral.overmature,,108
10,feature.Seral.regenerating,,28
10,feature.Seral.young,,29
10,feature.SpeciesProp.managed.BA,,202
10,feature.SpeciesProp.managed.CW,,222
10,feature.SpeciesProp.managed.DR,,204
10,feature.SpeciesProp.managed.FDC,,223
10,feature.SpeciesProp.managed.HW,,206
10,feature.SpeciesProp.managed.PLC,,207
10,feature.SpeciesProp.managed.SS,,208
10,feature.SpeciesProp.managed.YC,,224
10,feature.Yield.managed.BA,,225
10,feature.Yield.managed.CW,,226
10,feature.Yield.managed.DR,,227
10,feature.Yield.managed.FDC,,228
10,feature.Yield.managed.HW,,229
10,feature.Yield.managed.PLC,,230
10,feature.Yield.managed.SS,,231
10,feature.Yield.managed.Total,,232
10,feature.Yield.managed.YC,,233
11,feature.Area.managed,,21
11,feature.Area.og1.CWHvm_HW_CW_L,,219
11,feature.Area.og1.total,,219
11,feature.Area.og2.CWHvm_HW_CW_L,,23
11,feature.Area.og2.total,,23
11,feature.Height.managed.CWHvm_HW_CW_L,,220
11,feature.QMD.managed.CWHvm_HW_CW_L,,4
11,feature.Seral.CWHvm_HW_CW_L.immature,,25
11,feature.Seral.CWHvm_HW_CW_L.mature,,221
11,feature.Seral.CWHvm_HW_CW_L.overmature,,108
11,feature.Seral.CWHvm_HW_CW_L.regenerating,,28
11,feature.Seral.CWHvm_HW_CW_L.young,,29
11,feature.Seral.immature,,25
11,feature.Seral.mature,,221
11,feature.Seral.overmature,,108
11,feature.Seral.regenerating,,28
11,feature.Seral.young,,29
11,feature.SpeciesProp.managed.BA,,109
11,feature.SpeciesProp.managed.CW,,110
11,feature.SpeciesProp.managed.DR,,111
11,feature.SpeciesProp.managed.FDC,,112
11,feature.SpeciesProp.managed.HW,,131
11,feature.SpeciesProp.managed.PLC,,114
11,feature.SpeciesProp.managed.SS,,115
11,feature.SpeciesProp.managed.YC,,116
11,feature.Yield.managed.BA,,253
11,feature.Yield.managed.CW,,254
11,feature.Yield.managed.DR,,255
11,feature.Yield.managed.FDC,,256
11,feature.Yield.managed.HW,,257
11,feature.Yield.managed.PLC,,258
11,feature.Yield.managed.SS,,259
11,feature.Yield.managed.Total,,232
11,feature.Yield.managed.YC,,260
12,feature.Area.og1.CWHvm_FDC_HW_L,,219
12,feature.Area.og1.total,,219
12,feature.Area.og2.CWHvm_FDC_HW_L,,23
12,feature.Area.og2.total,,23
12,feature.Area.unmanaged,,21
12,feature.Height.unmanaged.CWHvm_FDC_HW_L,,277
12,feature.QMD.unmanaged.CWHvm_FDC_HW_L,,4
12,feature.Seral.CWHvm_FDC_HW_L.immature,,106
12,feature.Seral.CWHvm_FDC_HW_L.mature,,278
12,feature.Seral.CWHvm_FDC_HW_L.overmature,,279
12,feature.Seral.CWHvm_FDC_HW_L.regenerating,,28
12,feature.Seral.CWHvm_FDC_HW_L.young,,29
12,feature.Seral.immature,,106
12,feature.Seral.mature,,278
12,feature.Seral.overmature,,279
12,feature.Seral.regenerating,,28
12,feature.Seral.young,,29
12,feature.SpeciesProp.unmanaged.BA,,62
12,feature.SpeciesProp.unmanaged.CW,,63
12,feature.SpeciesProp.unmanaged.DR,,64
12,feature.SpeciesProp.unmanaged.FDC,,77
12,feature.SpeciesProp.unmanaged.HW,,280
12,feature.SpeciesProp.unmanaged.PL,,67
12,feature.SpeciesProp.unmanaged.SS,,67
12,feature.Yield.unmanaged.BA,,281
12,feature.Yield.unmanaged.CW,,282
12,feature.Yield.unmanaged.DR,,283
12,feature.Yield.unmanaged.FDC,,284
12,feature.Yield.unmanaged.HW,,285
12,feature.Yield.unmanaged.PL,,286
12,feature.Yield.unmanaged.SS,,286
12,feature.Yield.unmanaged.Total,,287
13,feature.Area.managed,,21
13,feature.Area.og1.CWHvm_FDC_HW_L,,219
13,feature.Area.og1.total,,219
13,feature.Area.og2.CWHvm_FDC_HW_L,,23
13,feature.Area.og2.total,,23
13,feature.Height.managed.CWHvm_FDC_HW_L,,288
13,feature.QMD.managed.CWHvm_FDC_HW_L,,4
13,feature.Seral.CWHvm_FDC_HW_L.immature,,106
13,feature.Seral.CWHvm_FDC_HW_L.mature,,278
13,feature.Seral.CWHvm_FDC_HW_L.overmature,,279
13,feature.Seral.CWHvm_FDC_HW_L.regenerating,,28
13,feature.Seral.CWHvm_FDC_HW_L.young,,29
13,feature.Seral.immature,,106
13,feature.Seral.mature,,278
13,feature.Seral.overmature,,279
13,feature.Seral.regenerating,,28
13,feature.Seral.young,,29
13,feature.SpeciesProp.managed.BA,,62
13,feature.SpeciesProp.managed.CW,,63
13,feature.SpeciesProp.managed.DR,,64
13,feature.SpeciesProp.managed.FDC,,77
13,feature.SpeciesProp.managed.HW,,280
13,feature.SpeciesProp.managed.PL,,67
13,feature.SpeciesProp.managed.SS,,67
13,feature.Yield.managed.BA,,289
13,feature.Yield.managed.CW,,290
13,feature.Yield.managed.DR,,291
13,feature.Yield.managed.FDC,,292
13,feature.Yield.managed.HW,,293
13,feature.Yield.managed.PL,,294
13,feature.Yield.managed.SS,,294
13,feature.Yield.managed.Total,,295
14,feature.Area.og1.CWHvm_CW_HW_M,,311
14,feature.Area.og1.total,,311
14,feature.Area.og2.CWHvm_CW_HW_M,,23
14,feature.Area.og2.total,,23
14,feature.Area.unmanaged,,21
14,feature.Height.unmanaged.CWHvm_CW_HW_M,,312
14,feature.QMD.unmanaged.CWHvm_CW_HW_M,,4
14,feature.Seral.CWHvm_CW_HW_M.immature,,25
14,feature.Seral.CWHvm_CW_HW_M.mature,,221
14,feature.Seral.CWHvm_CW_HW_M.overmature,,108
14,feature.Seral.CWHvm_CW_HW_M.regenerating,,28
14,feature.Seral.CWHvm_CW_HW_M.young,,29
14,feature.Seral.immature,,25
14,feature.Seral.mature,,221
14,feature.Seral.overmature,,108
14,feature.Seral.regenerating,,28
14,feature.Seral.young,,29
14,feature.SpeciesProp.unmanaged.BA,,202
14,feature.SpeciesProp.unmanaged.CW,,222
14,feature.SpeciesProp.unmanaged.DR,,204
14,feature.SpeciesProp.unmanaged.FDC,,223
14,feature.SpeciesProp.unmanaged.HW,,206
14,feature.SpeciesProp.unmanaged.PLC,,207
14,feature.SpeciesProp.unmanaged.SS,,208
14,feature.SpeciesProp.unmanaged.YC,,224
14,feature.Yield.unmanaged.BA,,313
14,feature.Yield.unmanaged.CW,,314
14,feature.Yield.unmanaged.DR,,315
14,feature.Yield.unmanaged.FDC,,316
14,feature.Yield.unmanaged.HW,,317
14,feature.Yield.unmanaged.PLC,,318
14,feature.Yield.unmanaged.SS,,319
14,feature.Yield.unmanaged.Total,,320
14,feature.Yield.unmanaged.YC,,321
15,feature.Area.managed,,21
15,feature.Area.og1.CWHvm_CW_HW_M,,311
15,feature.Area.og1.total,,311
15,feature.Area.og2.CWHvm_CW_HW_M,,23
15,feature.Area.og2.total,,23
15,feature.Height.managed.CWHvm_CW_HW_M,,24
15,feature.QMD.managed.CWHvm_CW_HW_M,,4
15,feature.Seral.CWHvm_CW_HW_M.immature,,25
15,feature.Seral.CWHvm_CW_HW_M.mature,,221
15,feature.Seral.CWHvm_CW_HW_M.overmature,,108
15,feature.Seral.CWHvm_CW_HW_M.regenerating,,28
15,feature.Seral.CWHvm_CW_HW_M.young,,29
15,feature.Seral.immature,,25
15,feature.Seral.mature,,221
15,feature.Seral.overmature,,108
15,feature.Seral.regenerating,,28
15,feature.Seral.young,,29
15,feature.SpeciesProp.managed.BA,,202
15,feature.SpeciesProp.managed.CW,,222
15,feature.SpeciesProp.managed.DR,,204
15,feature.SpeciesProp.managed.FDC,,223
15,feature.SpeciesProp.managed.HW,,206
15,feature.SpeciesProp.managed.PLC,,207
15,feature.SpeciesProp.managed.SS,,322
15,feature.SpeciesProp.managed.YC,,224
15,feature.Yield.managed.BA,,323
15,feature.Yield.managed.CW,,324
15,feature.Yield.managed.DR,,325
15,feature.Yield.managed.FDC,,326
15,feature.Yield.managed.HW,,327
15,feature.Yield.managed.PLC,,328
15,feature.Yield.managed.SS,,329
15,feature.Yield.managed.Total,,330
15,feature.Yield.managed.YC,,331
16,feature.Area.managed,,21
16,feature.Area.og1.CWHvm_CW_HW_M,,311
16,feature.Area.og1.total,,311
16,feature.Area.og2.CWHvm_CW_HW_M,,23
16,feature.Area.og2.total,,23
16,feature.Height.managed.CWHvm_CW_HW_M,,24
16,feature.QMD.managed.CWHvm_CW_HW_M,,4
16,feature.Seral.CWHvm_CW_HW_M.immature,,25
16,feature.Seral.CWHvm_CW_HW_M.mature,,221
16,feature.Seral.CWHvm_CW_HW_M.overmature,,108
16,feature.Seral.CWHvm_CW_HW_M.regenerating,,28
16,feature.Seral.CWHvm_CW_HW_M.young,,29
16,feature.Seral.immature,,25
16,feature.Seral.mature,,221
16,feature.Seral.overmature,,108
16,feature.Seral.regenerating,,28
16,feature.Seral.young,,29
16,feature.SpeciesProp.managed.BA,,109
16,feature.SpeciesProp.managed.CW,,110
16,feature.SpeciesProp.managed.DR,,111
16,feature.SpeciesProp.managed.FDC,,112
16,feature.SpeciesProp.managed.HW,,131
16,feature.SpeciesProp.managed.PLC,,342
16,feature.SpeciesProp.managed.SS,,115
16,feature.SpeciesProp.managed.YC,,116
16,feature.Yield.managed.BA,,343
16,feature.Yield.managed.CW,,344
16,feature.Yield.managed.DR,,345
16,feature.Yield.managed.FDC,,346
16,feature.Yield.managed.HW,,347
16,feature.Yield.managed.PLC,,348
16,feature.Yield.managed.SS,,349
16,feature.Yield.managed.Total,,330
16,feature.Yield.managed.YC,,350
17,feature.Area.og1.CWHvm_HW_FDC_L,,165
17,feature.Area.og1.total,,165
17,feature.Area.og2.CWHvm_HW_FDC_L,,23
17,feature.Area.og2.total,,23
17,feature.Area.unmanaged,,21
17,feature.Height.unmanaged.CWHvm_HW_FDC_L,,360
17,feature.QMD.unmanaged.CWHvm_HW_FDC_L,,4
17,feature.Seral.CWHvm_HW_FDC_L.immature,,361
17,feature.Seral.CWHvm_HW_FDC_L.mature,,362
17,feature.Seral.CWHvm_HW_FDC_L.overmature,,27
17,feature.Seral.CWHvm_HW_FDC_L.regenerating,,28
17,feature.Seral.CWHvm_HW_FDC_L.young,,29
17,feature.Seral.immature,,361
17,feature.Seral.mature,,362
17,feature.Seral.overmature,,27
17,feature.Seral.regenerating,,28
17,feature.Seral.young,,29
17,feature.SpeciesProp.unmanaged.BA,,62
17,feature.SpeciesProp.unmanaged.CW,,166
17,feature.SpeciesProp.unmanaged.DR,,64
17,feature.SpeciesProp.unmanaged.FDC,,167
17,feature.SpeciesProp.unmanaged.HW,,178
17,feature.SpeciesProp.unmanaged.PL,,363
17,feature.SpeciesProp.unmanaged.SS,,363
17,feature.Yield.unmanaged.BA,,364
17,feature.Yield.unmanaged.CW,,365
17,feature.Yield.unmanaged.DR,,366
17,feature.Yield.unmanaged.FDC,,367
17,feature.Yield.unmanaged.HW,,368
17,feature.Yield.unmanaged.PL,,369
17,feature.Yield.unmanaged.SS,,369
17,feature.Yield.unmanaged.Total,,370
18,feature.Area.managed,,21
18,feature.Area.og1.CWHvm_HW_FDC_L,,165
18,feature.Area.og1.total,,165
18,feature.Area.og2.CWHvm_HW_FDC_L,,23
18,feature.Area.og2.total,,23
18,feature.Height.managed.CWHvm_HW_FDC_L,,288
18,feature.QMD.managed.CWHvm_HW_FDC_L,,4
18,feature.Seral.CWHvm_HW_FDC_L.immature,,361
18,feature.Seral.CWHvm_HW_FDC_L.mature,,362
18,feature.Seral.CWHvm_HW_FDC_L.overmature,,27
18,feature.Seral.CWHvm_HW_FDC_L.regenerating,,28
18,feature.Seral.CWHvm_HW_FDC_L.young,,29
18,feature.Seral.immature,,361
18,feature.Seral.mature,,362
18,feature.Seral.overmature,,27
18,feature.Seral.regenerating,,28
18,feature.Seral.young,,29
18,feature.SpeciesProp.managed.BA,,62
18,feature.SpeciesProp.managed.CW,,166
18,feature.SpeciesProp.managed.DR,,64
18,feature.SpeciesProp.managed.FDC,,167
18,feature.SpeciesProp.managed.HW,,178
18,feature.SpeciesProp.managed.PL,,67
18,feature.SpeciesProp.managed.SS,,67
18,feature.Yield.managed.BA,,371
18,feature.Yield.managed.CW,,372
18,feature.Yield.managed.DR,,373
18,feature.Yield.managed.FDC,,374
18,feature.Yield.managed.HW,,375
18,feature.Yield.managed.PL,,376
18,feature.Yield.managed.SS,,376
18,feature.Yield.managed.Total,,377
19,feature.Area.og1.CWHvm_FDC_HW_M,,165
19,feature.Area.og1.total,,165
19,feature.Area.og2.CWHvm_FDC_HW_M,,23
19,feature.Area.og2.total,,23
19,feature.Area.unmanaged,,21
19,feature.Height.unmanaged.CWHvm_FDC_HW_M,,312
19,feature.QMD.unmanaged.CWHvm_FDC_HW_M,,4
19,feature.Seral.CWHvm_FDC_HW_M.immature,,59
19,feature.Seral.CWHvm_FDC_HW_M.mature,,60
19,feature.Seral.CWHvm_FDC_HW_M.overmature,,61
19,feature.Seral.CWHvm_FDC_HW_M.regenerating,,28
19,feature.Seral.CWHvm_FDC_HW_M.young,,29
19,feature.Seral.immature,,59
19,feature.Seral.mature,,60
19,feature.Seral.overmature,,61
19,feature.Seral.regenerating,,28
19,feature.Seral.young,,29
19,feature.SpeciesProp.unmanaged.BA,,62
19,feature.SpeciesProp.unmanaged.CW,,63
19,feature.SpeciesProp.unmanaged.DR,,64
19,feature.SpeciesProp.unmanaged.FDC,,77
19,feature.SpeciesProp.unmanaged.HW,,280
19,feature.SpeciesProp.unmanaged.PL,,67
19,feature.SpeciesProp.unmanaged.SS,,67
19,feature.Yield.unmanaged.BA,,396
19,feature.Yield.unmanaged.CW,,397
19,feature.Yield.unmanaged.DR,,398
19,feature.Yield.unmanaged.FDC,,399
19,feature.Yield.unmanaged.HW,,400
19,feature.Yield.unmanaged.PL,,401
19,feature.Yield.unmanaged.SS,,401
19,feature.Yield.unmanaged.Total,,402
20,feature.Area.managed,,21
20,feature.Area.og1.CWHvm_FDC_HW_M,,165
20,feature.Area.og1.total,,165
20,feature.Area.og2.CWHvm_FDC_HW_M,,23
20,feature.Area.og2.total,,23
20,feature.Height.managed.CWHvm_FDC_HW_M,,24
20,feature.QMD.managed.CWHvm_FDC_HW_M,,4
20,feature.Seral.CWHvm_FDC_HW_M.immature,,59
20,feature.Seral.CWHvm_FDC_HW_M.mature,,60
20,feature.Seral.CWHvm_FDC_HW_M.overmature,,61
20,feature.Seral.CWHvm_FDC_HW_M.regenerating,,28
20,feature.Seral.CWHvm_FDC_HW_M.young,,29
20,feature.Seral.immature,,59
20,feature.Seral.mature,,60
20,feature.Seral.overmature,,61
20,feature.Seral.regenerating,,28
20,feature.Seral.young,,29
20,feature.SpeciesProp.managed.BA,,62
20,feature.SpeciesProp.managed.CW,,63
20,feature.SpeciesProp.managed.DR,,64
20,feature.SpeciesProp.managed.FDC,,77
20,feature.SpeciesProp.managed.HW,,66
20,feature.SpeciesProp.managed.PL,,67
20,feature.SpeciesProp.managed.SS,,67
20,feature.Yield.managed.BA,,403
20,feature.Yield.managed.CW,,404
20,feature.Yield.managed.DR,,405
20,feature.Yield.managed.FDC,,406
20,feature.Yield.managed.HW,,407
20,feature.Yield.managed.PL,,408
20,feature.Yield.managed.SS,,408
20,feature.Yield.managed.Total,,409
21,feature.Area.og1.CWHvm_HW_CW_H,,417
21,feature.Area.og1.total,,417
21,feature.Area.og2.CWHvm_HW_CW_H,,1
21,feature.Area.og2.total,,1
21,feature.Area.unmanaged,,2
21,feature.Height.unmanaged.CWHvm_HW_CW_H,,58
21,feature.QMD.unmanaged.CWHvm_HW_CW_H,,4
21,feature.Seral.CWHvm_HW_CW_H.immature,,418
21,feature.Seral.CWHvm_HW_CW_H.mature,,419
21,feature.Seral.CWHvm_HW_CW_H.overmature,,420
21,feature.Seral.CWHvm_HW_CW_H.regenerating,,8
21,feature.Seral.CWHvm_HW_CW_H.young,,9
21,feature.Seral.immature,,418
21,feature.Seral.mature,,419
21,feature.Seral.overmature,,420
21,feature.Seral.regenerating,,8
21,feature.Seral.young,,9
21,feature.SpeciesProp.unmanaged.BA,,202
21,feature.SpeciesProp.unmanaged.CW,,222
21,feature.SpeciesProp.unmanaged.DR,,204
21,feature.SpeciesProp.unmanaged.FDC,,223
21,feature.SpeciesProp.unmanaged.HW,,421
21,feature.SpeciesProp.unmanaged.PLC,,207
21,feature.SpeciesProp.unmanaged.SS,,208
21,feature.SpeciesProp.unmanaged.YC,,224
21,feature.Yield.unmanaged.BA,,422
21,feature.Yield.unmanaged.CW,,423
21,feature.Yield.unmanaged.DR,,424
21,feature.Yield.unmanaged.FDC,,425
21,feature.Yield.unmanaged.HW,,426
21,feature.Yield.unmanaged.PLC,,427
21,feature.Yield.unmanaged.SS,,428
21,feature.Yield.unmanaged.Total,,429
21,feature.Yield.unmanaged.YC,,430
22,feature.Area.managed,,21
22,feature.Area.og1.CWHvm_HW_CW_H,,431
22,feature.Area.og1.total,,431
22,feature.Area.og2.CWHvm_HW_CW_H,,23
22,feature.Area.og2.total,,23
22,feature.Height.managed.CWHvm_HW_CW_H,,432
22,feature.QMD.managed.CWHvm_HW_CW_H,,4
22,feature.Seral.CWHvm_HW_CW_H.immature,,361
22,feature.Seral.CWHvm_HW_CW_H.mature,,433
22,feature.Seral.CWHvm_HW_CW_H.overmature,,434
22,feature.Seral.CWHvm_HW_CW_H.regenerating,,28
22,feature.Seral.CWHvm_HW_CW_H.young,,29
22,feature.Seral.immature,,361
22,feature.Seral.mature,,433
22,feature.Seral.overmature,,434
22,feature.Seral.regenerating,,28
22,feature.Seral.young,,29
22,feature.SpeciesProp.managed.BA,,202
22,feature.SpeciesProp.managed.CW,,222
22,feature.SpeciesProp.managed.DR,,204
22,feature.SpeciesProp.managed.FDC,,223
22,feature.SpeciesProp.managed.HW,,206
22,feature.SpeciesProp.managed.PLC,,207
22,feature.SpeciesProp.managed.SS,,208
22,feature.SpeciesProp.managed.YC,,224
22,feature.Yield.managed.BA,,435
22,feature.Yield.managed.CW,,436
22,feature.Yield.managed.DR,,437
22,feature.Yield.managed.FDC,,438
22,feature.Yield.managed.HW,,439
22,feature.Yield.managed.PLC,,440
22,feature.Yield.managed.SS,,441
22,feature.Yield.managed.Total,,442
22,feature.Yield.managed.YC,,443
23,feature.Area.managed,,21
23,feature.Area.og1.CWHvm_HW_CW_H,,431
23,feature.Area.og1.total,,431
23,feature.Area.og2.CWHvm_HW_CW_H,,23
23,feature.Area.og2.total,,23
23,feature.Height.managed.CWHvm_HW_CW_H,,432
23,feature.QMD.managed.CWHvm_HW_CW_H,,4
23,feature.Seral.CWHvm_HW_CW_H.immature,,361
23,feature.Seral.CWHvm_HW_CW_H.mature,,433
23,feature.Seral.CWHvm_HW_CW_H.overmature,,434
23,feature.Seral.CWHvm_HW_CW_H.regenerating,,28
23,feature.Seral.CWHvm_HW_CW_H.young,,29
23,feature.Seral.immature,,361
23,feature.Seral.mature,,433
23,feature.Seral.overmature,,434
23,feature.Seral.regenerating,,28
23,feature.Seral.young,,29
23,feature.SpeciesProp.managed.BA,,109
23,feature.SpeciesProp.managed.CW,,128
23,feature.SpeciesProp.managed.DR,,111
23,feature.SpeciesProp.managed.FDC,,130
23,feature.SpeciesProp.managed.HW,,131
23,feature.SpeciesProp.managed.PLC,,114
23,feature.SpeciesProp.managed.SS,,115
23,feature.SpeciesProp.managed.YC,,116
23,feature.Yield.managed.BA,,463
23,feature.Yield.managed.CW,,464
23,feature.Yield.managed.DR,,465
23,feature.Yield.managed.FDC,,466
23,feature.Yield.managed.HW,,467
23,feature.Yield.managed.PLC,,468
23,feature.Yield.managed.SS,,469
23,feature.Yield.managed.Total,,442
23,feature.Yield.managed.YC,,470
24,feature.Area.og1.CWHvm_HW_FDC_L,,165
24,feature.Area.og1.total,,165
24,feature.Area.og2.CWHvm_HW_FDC_L,,23
24,feature.Area.og2.total,,23
24,feature.Area.unmanaged,,21
24,feature.Height.unmanaged.CWHvm_HW_FDC_L,,360
24,feature.QMD.unmanaged.CWHvm_HW_FDC_L,,4
24,feature.Seral.CWHvm_HW_FDC_L.immature,,361
24,feature.Seral.CWHvm_HW_FDC_L.mature,,362
24,feature.Seral.CWHvm_HW_FDC_L.overmature,,27
24,feature.Seral.CWHvm_HW_FDC_L.regenerating,,28
24,feature.Seral.CWHvm_HW_FDC_L.young,,29
24,feature.Seral.immature,,361
24,feature.Seral.mature,,362
24,feature.Seral.overmature,,27
24,feature.Seral.regenerating,,28
24,feature.Seral.young,,29
24,feature.SpeciesProp.unmanaged.BA,,487
24,feature.SpeciesProp.unmanaged.CW,,488
24,feature.SpeciesProp.unmanaged.DR,,489
24,feature.SpeciesProp.unmanaged.FDC,,490
24,feature.SpeciesProp.unmanaged.HW,,491
24,feature.SpeciesProp.unmanaged.PL,,492
24,feature.SpeciesProp.unmanaged.SS,,492
24,feature.Yield.unmanaged.BA,,493
24,feature.Yield.unmanaged.CW,,494
24,feature.Yield.unmanaged.DR,,495
24,feature.Yield.unmanaged.FDC,,496
24,feature.Yield.unmanaged.HW,,497
24,feature.Yield.unmanaged.PL,,498
24,feature.Yield.unmanaged.SS,,498
24,feature.Yield.unmanaged.Total,,499
25,feature.Area.managed,,2
25,feature.Area.og1.CWHvm_HW_FDC_L,,500
25,feature.Area.og1.total,,500
25,feature.Area.og2.CWHvm_HW_FDC_L,,1
25,feature.Area.og2.total,,1
25,feature.Height.managed.CWHvm_HW_FDC_L,,501
25,feature.QMD.managed.CWHvm_HW_FDC_L,,4
25,feature.Seral.CWHvm_HW_FDC_L.immature,,418
25,feature.Seral.CWHvm_HW_FDC_L.mature,,502
25,feature.Seral.CWHvm_HW_FDC_L.overmature,,7
25,feature.Seral.CWHvm_HW_FDC_L.regenerating,,8
25,feature.Seral.CWHvm_HW_FDC_L.young,,9
25,feature.Seral.immature,,418
25,feature.Seral.mature,,502
25,feature.Seral.overmature,,7
25,feature.Seral.regenerating,,8
25,feature.Seral.young,,9
25,feature.SpeciesProp.managed.BA,,487
25,feature.SpeciesProp.managed.CW,,503
25,feature.SpeciesProp.managed.DR,,504
25,feature.SpeciesProp.managed.FDC,,490
25,feature.SpeciesProp.managed.HW,,491
25,feature.SpeciesProp.managed.PL,,492
25,feature.SpeciesProp.managed.SS,,492
25,feature.Yield.managed.BA,,505
25,feature.Yield.managed.CW,,506
25,feature.Yield.managed.DR,,507
25,feature.Yield.managed.FDC,,508
25,feature.Yield.managed.HW,,509
25,feature.Yield.managed.PL,,510
25,feature.Yield.managed.SS,,510
25,feature.Yield.managed.Total,,511
26,feature.Area.og1.CWHvm_HW_CW_M,,104
26,feature.Area.og1.total,,104
26,feature.Area.og2.CWHvm_HW_CW_M,,23
26,feature.Area.og2.total,,23
26,feature.Area.unmanaged,,21
26,feature.Height.unmanaged.CWHvm_HW_CW_M,,529
26,feature.QMD.unmanaged.CWHvm_HW_CW_M,,4
26,feature.Seral.CWHvm_HW_CW_M.immature,,106
26,feature.Seral.CWHvm_HW_CW_M.mature,,107
26,feature.Seral.CWHvm_HW_CW_M.overmature,,108
26,feature.Seral.CWHvm_HW_CW_M.regenerating,,28
26,feature.Seral.CWHvm_HW_CW_M.young,,29
26,feature.Seral.immature,,106
26,feature.Seral.mature,,107
26,feature.Seral.overmature,,108
26,feature.Seral.regenerating,,28
26,feature.Seral.young,,29
26,feature.SpeciesProp.unmanaged.BA,,202
26,feature.SpeciesProp.unmanaged.CW,,203
26,feature.SpeciesProp.unmanaged.DR,,204
26,feature.SpeciesProp.unmanaged.FDC,,223
26,feature.SpeciesProp.unmanaged.HW,,206
26,feature.SpeciesProp.unmanaged.PLC,,207
26,feature.SpeciesProp.unmanaged.SS,,208
26,feature.SpeciesProp.unmanaged.YC,,209
26,feature.Yield.unmanaged.BA,,530
26,feature.Yield.unmanaged.CW,,531
26,feature.Yield.unmanaged.DR,,532
26,feature.Yield.unmanaged.FDC,,533
26,feature.Yield.unmanaged.HW,,534
26,feature.Yield.unmanaged.PLC,,535
26,feature.Yield.unmanaged.SS,,536
26,feature.Yield.unmanaged.Total,,537
26,feature.Yield.unmanaged.YC,,538
27,feature.Area.managed,,21
27,feature.Area.og1.CWHvm_HW_CW_M,,104
27,feature.Area.og1.total,,104
27,feature.Area.og2.CWHvm_HW_CW_M,,23
27,feature.Area.og2.total,,23
27,feature.Height.managed.CWHvm_HW_CW_M,,24
27,feature.QMD.managed.CWHvm_HW_CW_M,,4
27,feature.Seral.CWHvm_HW_CW_M.immature,,106
27,feature.Seral.CWHvm_HW_CW_M.mature,,107
27,feature.Seral.CWHvm_HW_CW_M.overmature,,108
27,feature.Seral.CWHvm_HW_CW_M.regenerating,,28
27,feature.Seral.CWHvm_HW_CW_M.young,,29
27,feature.Seral.immature,,106
27,feature.Seral.mature,,107
27,feature.Seral.overmature,,108
27,feature.Seral.regenerating,,28
27,feature.Seral.young,,29
27,feature.SpeciesProp.managed.BA,,202
27,feature.SpeciesProp.managed.CW,,222
27,feature.SpeciesProp.managed.DR,,204
27,feature.SpeciesProp.managed.FDC,,223
27,feature.SpeciesProp.managed.HW,,206
27,feature.SpeciesProp.managed.PLC,,207
27,feature.SpeciesProp.managed.SS,,208
27,feature.SpeciesProp.managed.YC,,224
27,feature.Yield.managed.BA,,539
27,feature.Yield.managed.CW,,540
27,feature.Yield.managed.DR,,541
27,feature.Yield.managed.FDC,,542
27,feature.Yield.managed.HW,,543
27,feature.Yield.managed.PLC,,544
27,feature.Yield.managed.SS,,545
27,feature.Yield.managed.Total,,546
27,feature.Yield.managed.YC,,547
28,feature.Area.og1.CWHvm_HW_FDC_H,,165
28,feature.Area.og1.total,,165
28,feature.Area.og2.CWHvm_HW_FDC_H,,23
28,feature.Area.og2.total,,23
28,feature.Area.unmanaged,,21
28,feature.Height.unmanaged.CWHvm_HW_FDC_H,,565
28,feature.QMD.unmanaged.CWHvm_HW_FDC_H,,4
28,feature.Seral.CWHvm_HW_FDC_H.immature,,59
28,feature.Seral.CWHvm_HW_FDC_H.mature,,60
28,feature.Seral.CWHvm_HW_FDC_H.overmature,,61
28,feature.Seral.CWHvm_HW_FDC_H.regenerating,,28
28,feature.Seral.CWHvm_HW_FDC_H.young,,29
28,feature.Seral.immature,,59
28,feature.Seral.mature,,60
28,feature.Seral.overmature,,61
28,feature.Seral.regenerating,,28
28,feature.Seral.young,,29
28,feature.SpeciesProp.unmanaged.BA,,487
28,feature.SpeciesProp.unmanaged.CW,,566
28,feature.SpeciesProp.unmanaged.DR,,489
28,feature.SpeciesProp.unmanaged.FDC,,567
28,feature.SpeciesProp.unmanaged.HW,,491
28,feature.SpeciesProp.unmanaged.PL,,568
28,feature.SpeciesProp.unmanaged.SS,,568
28,feature.Yield.unmanaged.BA,,569
28,feature.Yield.unmanaged.CW,,570
28,feature.Yield.unmanaged.DR,,571
28,feature.Yield.unmanaged.FDC,,572
28,feature.Yield.unmanaged.HW,,573
28,feature.Yield.unmanaged.PL,,574
28,feature.Yield.unmanaged.SS,,574
28,feature.Yield.unmanaged.Total,,575
29,feature.Area.managed,,21
29,feature.Area.og1.CWHvm_HW_FDC_H,,165
29,feature.Area.og1.total,,165
29,feature.Area.og2.CWHvm_HW_FDC_H,,23
29,feature.Area.og2.total,,23
29,feature.Height.managed.CWHvm_HW_FDC_H,,576
29,feature.QMD.managed.CWHvm_HW_FDC_H,,4
29,feature.Seral.CWHvm_HW_FDC_H.immature,,59
29,feature.Seral.CWHvm_HW_FDC_H.mature,,60
29,feature.Seral.CWHvm_HW_FDC_H.overmature,,61
29,feature.Seral.CWHvm_HW_FDC_H.regenerating,,28
29,feature.Seral.CWHvm_HW_FDC_H.young,,29
29,feature.Seral.immature,,59
29,feature.Seral.mature,,60
29,feature.Seral.overmature,,61
29,feature.Seral.regenerating,,28
29,feature.Seral.young,,29
29,feature.SpeciesProp.managed.BA,,487
29,feature.SpeciesProp.managed.CW,,488
29,feature.SpeciesProp.managed.DR,,577
29,feature.SpeciesProp.managed.FDC,,567
29,feature.SpeciesProp.managed.HW,,578
29,feature.SpeciesProp.managed.PL,,492
29,feature.SpeciesProp.managed.SS,,492
29,feature.Yield.managed.BA,,579
29,feature.Yield.managed.CW,,580
29,feature.Yield.managed.DR,,581
29,feature.Yield.managed.FDC,,582
29,feature.Yield.managed.HW,,583
29,feature.Yield.managed.PL,,584
29,feature.Yield.managed.SS,,584
29,feature.Yield.managed.Total,,585
30,feature.Area.og1.CWHvm_CW_YC_M,,598
30,feature.Area.og1.total,,598
30,feature.Area.og2.CWHvm_CW_YC_M,,1
30,feature.Area.og2.total,,1
30,feature.Area.unmanaged,,2
30,feature.Height.unmanaged.CWHvm_CW_YC_M,,599
30,feature.QMD.unmanaged.CWHvm_CW_YC_M,,4
30,feature.Seral.CWHvm_CW_YC_M.immature,,600
30,feature.Seral.CWHvm_CW_YC_M.mature,,601
30,feature.Seral.CWHvm_CW_YC_M.overmature,,602
30,feature.Seral.CWHvm_CW_YC_M.regenerating,,8
30,feature.Seral.CWHvm_CW_YC_M.young,,9
30,feature.Seral.immature,,600
30,feature.Seral.mature,,601
30,feature.Seral.overmature,,602
30,feature.Seral.regenerating,,8
30,feature.Seral.young,,9
30,feature.SpeciesProp.unmanaged.CW,,603
30,feature.SpeciesProp.unmanaged.HW,,604
30,feature.SpeciesProp.unmanaged.PLC,,605
30,feature.SpeciesProp.unmanaged.YC,,604
30,feature.Yield.unmanaged.CW,,606
30,feature.Yield.unmanaged.HW,,607
30,feature.Yield.unmanaged.PLC,,608
30,feature.Yield.unmanaged.Total,,609
30,feature.Yield.unmanaged.YC,,607
31,feature.Area.managed,,21
31,feature.Area.og1.CWHvm_CW_YC_M,,610
31,feature.Area.og1.total,,610
31,feature.Area.og2.CWHvm_CW_YC_M,,23
31,feature.Area.og2.total,,23
31,feature.Height.managed.CWHvm_CW_YC_M,,24
31,feature.QMD.managed.CWHvm_CW_YC_M,,4
31,feature.Seral.CWHvm_CW_YC_M.immature,,611
31,feature.Seral.CWHvm_CW_YC_M.mature,,612
31,feature.Seral.CWHvm_CW_YC_M.overmature,,613
31,feature.Seral.CWHvm_CW_YC_M.regenerating,,28
31,feature.Seral.CWHvm_CW_YC_M.young,,29
31,feature.Seral.immature,,611
31,feature.Seral.mature,,612
31,feature.Seral.overmature,,613
31,feature.Seral.regenerating,,28
31,feature.Seral.young,,29
31,feature.SpeciesProp.managed.CW,,603
31,feature.SpeciesProp.managed.HW,,604
31,feature.SpeciesProp.managed.PLC,,605
31,feature.SpeciesProp.managed.YC,,604
31,feature.Yield.managed.CW,,614
31,feature.Yield.managed.HW,,615
31,feature.Yield.managed.PLC,,616
31,feature.Yield.managed.Total,,617
31,feature.Yield.managed.YC,,615
32,feature.Area.managed,,21
32,feature.Area.og1.CWHvm_CW_YC_M,,610
32,feature.Area.og1.total,,610
32,feature.Area.og2.CWHvm_CW_YC_M,,23
32,feature.Area.og2.total,,23
32,feature.Height.managed.CWHvm_CW_YC_M,,24
32,feature.QMD.managed.CWHvm_CW_YC_M,,4
32,feature.Seral.CWHvm_CW_YC_M.immature,,611
32,feature.Seral.CWHvm_CW_YC_M.mature,,612
32,feature.Seral.CWHvm_CW_YC_M.overmature,,613
32,feature.Seral.CWHvm_CW_YC_M.regenerating,,28
32,feature.Seral.CWHvm_CW_YC_M.young,,29
32,feature.Seral.immature,,611
32,feature.Seral.mature,,612
32,feature.Seral.overmature,,613
32,feature.Seral.regenerating,,28
32,feature.Seral.young,,29
32,feature.SpeciesProp.managed.CW,,630
32,feature.SpeciesProp.managed.HW,,631
32,feature.SpeciesProp.managed.PLC,,632
32,feature.SpeciesProp.managed.YC,,633
32,feature.Yield.managed.CW,,634
32,feature.Yield.managed.HW,,635
32,feature.Yield.managed.PLC,,636
32,feature.Yield.managed.Total,,617
32,feature.Yield.managed.YC,,637
33,feature.Area.og1.CWHvm_HW_BA_M,,646
33,feature.Area.og1.total,,646
33,feature.Area.og2.CWHvm_HW_BA_M,,23
33,feature.Area.og2.total,,23
33,feature.Area.unmanaged,,21
33,feature.Height.unmanaged.CWHvm_HW_BA_M,,312
33,feature.QMD.unmanaged.CWHvm_HW_BA_M,,4
33,feature.Seral.CWHvm_HW_BA_M.immature,,361
33,feature.Seral.CWHvm_HW_BA_M.mature,,362
33,feature.Seral.CWHvm_HW_BA_M.overmature,,27
33,feature.Seral.CWHvm_HW_BA_M.regenerating,,28
33,feature.Seral.CWHvm_HW_BA_M.young,,29
33,feature.Seral.immature,,361
33,feature.Seral.mature,,362
33,feature.Seral.overmature,,27
33,feature.Seral.regenerating,,28
33,feature.Seral.young,,29
33,feature.SpeciesProp.unmanaged.BA,,647
33,feature.SpeciesProp.unmanaged.CW,,605
33,feature.SpeciesProp.unmanaged.HW,,648
33,feature.Yield.unmanaged.BA,,649
33,feature.Yield.unmanaged.CW,,650
33,feature.Yield.unmanaged.HW,,651
33,feature.Yield.unmanaged.Total,,652
34,feature.Area.managed,,21
34,feature.Area.og1.CWHvm_HW_BA_M,,646
34,feature.Area.og1.total,,646
34,feature.Area.og2.CWHvm_HW_BA_M,,23
34,feature.Area.og2.total,,23
34,feature.Height.managed.CWHvm_HW_BA_M,,24
34,feature.QMD.managed.CWHvm_HW_BA_M,,4
34,feature.Seral.CWHvm_HW_BA_M.immature,,361
34,feature.Seral.CWHvm_HW_BA_M.mature,,362
34,feature.Seral.CWHvm_HW_BA_M.overmature,,27
34,feature.Seral.CWHvm_HW_BA_M.regenerating,,28
34,feature.Seral.CWHvm_HW_BA_M.young,,29
34,feature.Seral.immature,,361
34,feature.Seral.mature,,362
34,feature.Seral.overmature,,27
34,feature.Seral.regenerating,,28
34,feature.Seral.young,,29
34,feature.SpeciesProp.managed.BA,,647
34,feature.SpeciesProp.managed.CW,,605
34,feature.SpeciesProp.managed.HW,,653
34,feature.Yield.managed.BA,,654
34,feature.Yield.managed.CW,,655
34,feature.Yield.managed.HW,,656
34,feature.Yield.managed.Total,,657
35,feature.Area.managed,,21
35,feature.Area.og1.CWHvm_HW_BA_M,,646
35,feature.Area.og1.total,,646
35,feature.Area.og2.CWHvm_HW_BA_M,,23
35,feature.Area.og2.total,,23
35,feature.Height.managed.CWHvm_HW_BA_M,,24
35,feature.QMD.managed.CWHvm_HW_BA_M,,4
35,feature.Seral.CWHvm_HW_BA_M.immature,,361
35,feature.Seral.CWHvm_HW_BA_M.mature,,362
35,feature.Seral.CWHvm_HW_BA_M.overmature,,27
35,feature.Seral.CWHvm_HW_BA_M.regenerating,,28
35,feature.Seral.CWHvm_HW_BA_M.young,,29
35,feature.Seral.immature,,361
35,feature.Seral.mature,,362
35,feature.Seral.overmature,,27
35,feature.Seral.regenerating,,28
35,feature.Seral.young,,29
35,feature.SpeciesProp.managed.BA,,665
35,feature.SpeciesProp.managed.CW,,666
35,feature.SpeciesProp.managed.FDC,,667
35,feature.SpeciesProp.managed.HW,,668
35,feature.Yield.managed.BA,,669
35,feature.Yield.managed.CW,,670
35,feature.Yield.managed.FDC,,671
35,feature.Yield.managed.HW,,672
35,feature.Yield.managed.Total,,657
36,feature.Area.og1.CWHvm_FDC_HW_L,,219
36,feature.Area.og1.total,,219
36,feature.Area.og2.CWHvm_FDC_HW_L,,23
36,feature.Area.og2.total,,23
36,feature.Area.unmanaged,,21
36,feature.Height.unmanaged.CWHvm_FDC_HW_L,,360
36,feature.QMD.unmanaged.CWHvm_FDC_HW_L,,4
36,feature.Seral.CWHvm_FDC_HW_L.immature,,106
36,feature.Seral.CWHvm_FDC_HW_L.mature,,278
36,feature.Seral.CWHvm_FDC_HW_L.overmature,,279
36,feature.Seral.CWHvm_FDC_HW_L.regenerating,,28
36,feature.Seral.CWHvm_FDC_HW_L.young,,29
36,feature.Seral.immature,,106
36,feature.Seral.mature,,278
36,feature.Seral.overmature,,279
36,feature.Seral.regenerating,,28
36,feature.Seral.young,,29
36,feature.SpeciesProp.unmanaged.BA,,487
36,feature.SpeciesProp.unmanaged.CW,,488
36,feature.SpeciesProp.unmanaged.DR,,489
36,feature.SpeciesProp.unmanaged.FDC,,681
36,feature.SpeciesProp.unmanaged.HW,,491
36,feature.SpeciesProp.unmanaged.PL,,492
36,feature.SpeciesProp.unmanaged.SS,,492
36,feature.Yield.unmanaged.BA,,682
36,feature.Yield.unmanaged.CW,,683
36,feature.Yield.unmanaged.DR,,684
36,feature.Yield.unmanaged.FDC,,685
36,feature.Yield.unmanaged.HW,,686
36,feature.Yield.unmanaged.PL,,687
36,feature.Yield.unmanaged.SS,,687
36,feature.Yield.unmanaged.Total,,688
37,feature.Area.managed,,21
37,feature.Area.og1.CWHvm_FDC_HW_L,,219
37,feature.Area.og1.total,,219
37,feature.Area.og2.CWHvm_FDC_HW_L,,23
37,feature.Area.og2.total,,23
37,feature.Height.managed.CWHvm_FDC_HW_L,,220
37,feature.QMD.managed.CWHvm_FDC_HW_L,,4
37,feature.Seral.CWHvm_FDC_HW_L.immature,,106
37,feature.Seral.CWHvm_FDC_HW_L.mature,,278
37,feature.Seral.CWHvm_FDC_HW_L.overmature,,279
37,feature.Seral.CWHvm_FDC_HW_L.regenerating,,28
37,feature.Seral.CWHvm_FDC_HW_L.young,,29
37,feature.Seral.immature,,106
37,feature.Seral.mature,,278
37,feature.Seral.overmature,,279
37,feature.Seral.regenerating,,28
37,feature.Seral.young,,29
37,feature.SpeciesProp.managed.BA,,689
37,feature.SpeciesProp.managed.CW,,566
37,feature.SpeciesProp.managed.DR,,577
37,feature.SpeciesProp.managed.FDC,,567
37,feature.SpeciesProp.managed.HW,,491
37,feature.SpeciesProp.managed.PL,,492
37,feature.SpeciesProp.managed.SS,,492
37,feature.Yield.managed.BA,,690
37,feature.Yield.managed.CW,,691
37,feature.Yield.managed.DR,,692
37,feature.Yield.managed.FDC,,693
37,feature.Yield.managed.HW,,694
37,feature.Yield.managed.PL,,695
37,feature.Yield.managed.SS,,695
37,feature.Yield.managed.Total,,696
38,feature.Area.og1.CWHvm_CW_HW_M,,311
38,feature.Area.og1.total,,311
38,feature.Area.og2.CWHvm_CW_HW_M,,23
38,feature.Area.og2.total,,23
38,feature.Area.unmanaged,,21
38,feature.Height.unmanaged.CWHvm_CW_HW_M,,312
38,feature.QMD.unmanaged.CWHvm_CW_HW_M,,4
38,feature.Seral.CWHvm_CW_HW_M.immature,,25
38,feature.Seral.CWHvm_CW_HW_M.mature,,221
38,feature.Seral.CWHvm_CW_HW_M.overmature,,108
38,feature.Seral.CWHvm_CW_HW_M.regenerating,,28
38,feature.Seral.CWHvm_CW_HW_M.young,,29
38,feature.Seral.immature,,25
38,feature.Seral.mature,,221
38,feature.Seral.overmature,,108
38,feature.Seral.regenerating,,28
38,feature.Seral.young,,29
38,feature.SpeciesProp.unmanaged.BA,,127
38,feature.SpeciesProp.unmanaged.CW,,110
38,feature.SpeciesProp.unmanaged.DR,,111
38,feature.SpeciesProp.unmanaged.FDC,,112
38,feature.SpeciesProp.unmanaged.HW,,113
38,feature.SpeciesProp.unmanaged.PLC,,132
38,feature.SpeciesProp.unmanaged.SS,,115
38,feature.SpeciesProp.unmanaged.YC,,116
38,feature.Yield.unmanaged.BA,,710
38,feature.Yield.unmanaged.CW,,711
38,feature.Yield.unmanaged.DR,,712
38,feature.Yield.unmanaged.FDC,,713
38,feature.Yield.unmanaged.HW,,714
38,feature.Yield.unmanaged.PLC,,715
38,feature.Yield.unmanaged.SS,,716
38,feature.Yield.unmanaged.Total,,717
38,feature.Yield.unmanaged.YC,,718
39,feature.Area.og1.CWHvm_CW_PLC_M,,719
39,feature.Area.og1.total,,719
39,feature.Area.og2.CWHvm_CW_PLC_M,,23
39,feature.Area.og2.total,,23
39,feature.Area.unmanaged,,21
39,feature.Height.unmanaged.CWHvm_CW_PLC_M,,312
39,feature.QMD.unmanaged.CWHvm_CW_PLC_M,,4
39,feature.Seral.CWHvm_CW_PLC_M.immature,,720
39,feature.Seral.CWHvm_CW_PLC_M.mature,,721
39,feature.Seral.CWHvm_CW_PLC_M.overmature,,722
39,feature.Seral.CWHvm_CW_PLC_M.regenerating,,28
39,feature.Seral.CWHvm_CW_PLC_M.young,,29
39,feature.Seral.immature,,720
39,feature.Seral.mature,,721
39,feature.Seral.overmature,,722
39,feature.Seral.regenerating,,28
39,feature.Seral.young,,29
39,feature.SpeciesProp.unmanaged.CW,,723
39,feature.SpeciesProp.unmanaged.HW,,604
39,feature.SpeciesProp.unmanaged.PLC,,724
39,feature.SpeciesProp.unmanaged.YC,,604
39,feature.Yield.unmanaged.CW,,725
39,feature.Yield.unmanaged.HW,,726
39,feature.Yield.unmanaged.PLC,,727
39,feature.Yield.unmanaged.Total,,728
39,feature.Yield.unmanaged.YC,,726
40,feature.Area.managed,,21
40,feature.Area.og1.CWHvm_CW_PLC_M,,719
40,feature.Area.og1.total,,719
40,feature.Area.og2.CWHvm_CW_PLC_M,,23
40,feature.Area.og2.total,,23
40,feature.Height.managed.CWHvm_CW_PLC_M,,24
40,feature.QMD.managed.CWHvm_CW_PLC_M,,4
40,feature.Seral.CWHvm_CW_PLC_M.immature,,720
40,feature.Seral.CWHvm_CW_PLC_M.mature,,721
40,feature.Seral.CWHvm_CW_PLC_M.overmature,,722
40,feature.Seral.CWHvm_CW_PLC_M.regenerating,,28
40,feature.Seral.CWHvm_CW_PLC_M.young,,29
40,feature.Seral.immature,,720
40,feature.Seral.mature,,721
40,feature.Seral.overmature,,722
40,feature.Seral.regenerating,,28
40,feature.Seral.young,,29
40,feature.SpeciesProp.managed.CW,,723
40,feature.SpeciesProp.managed.HW,,604
40,feature.SpeciesProp.managed.PLC,,724
40,feature.SpeciesProp.managed.YC,,604
40,feature.Yield.managed.Total,,4
41,feature.Area.managed,,21
41,feature.Area.og1.CWHvm_CW_PLC_M,,719
41,feature.Area.og1.total,,719
41,feature.Area.og2.CWHvm_CW_PLC_M,,23
41,feature.Area.og2.total,,23
41,feature.Height.managed.CWHvm_CW_PLC_M,,24
41,feature.QMD.managed.CWHvm_CW_PLC_M,,4
41,feature.Seral.CWHvm_CW_PLC_M.immature,,720
41,feature.Seral.CWHvm_CW_PLC_M.mature,,721
41,feature.Seral.CWHvm_CW_PLC_M.overmature,,722
41,feature.Seral.CWHvm_CW_PLC_M.regenerating,,28
41,feature.Seral.CWHvm_CW_PLC_M.young,,29
41,feature.Seral.immature,,720
41,feature.Seral.mature,,721
41,feature.Seral.overmature,,722
41,feature.Seral.regenerating,,28
41,feature.Seral.young,,29
41,feature.SpeciesProp.managed.CW,,729
41,feature.SpeciesProp.managed.HW,,730
41,feature.SpeciesProp.managed.PLC,,731
41,feature.SpeciesProp.managed.YC,,730
41,feature.Yield.managed.Total,,4
42,feature.Area.og1.CWHvm_FDC_HW_M,,165
42,feature.Area.og1.total,,165
42,feature.Area.og2.CWHvm_FDC_HW_M,,23
42,feature.Area.og2.total,,23
42,feature.Area.unmanaged,,21
42,feature.Height.unmanaged.CWHvm_FDC_HW_M,,529
42,feature.QMD.unmanaged.CWHvm_FDC_HW_M,,4
42,feature.Seral.CWHvm_FDC_HW_M.immature,,59
42,feature.Seral.CWHvm_FDC_HW_M.mature,,60
42,feature.Seral.CWHvm_FDC_HW_M.overmature,,61
42,feature.Seral.CWHvm_FDC_HW_M.regenerating,,28
42,feature.Seral.CWHvm_FDC_HW_M.young,,29
42,feature.Seral.immature,,59
42,feature.Seral.mature,,60
42,feature.Seral.overmature,,61
42,feature.Seral.regenerating,,28
42,feature.Seral.young,,29
42,feature.SpeciesProp.unmanaged.BA,,487
42,feature.SpeciesProp.unmanaged.CW,,488
42,feature.SpeciesProp.unmanaged.DR,,504
42,feature.SpeciesProp.unmanaged.FDC,,490
42,feature.SpeciesProp.unmanaged.HW,,491
42,feature.SpeciesProp.unmanaged.PL,,492
42,feature.SpeciesProp.unmanaged.SS,,492
42,feature.Yield.unmanaged.BA,,732
42,feature.Yield.unmanaged.CW,,733
42,feature.Yield.unmanaged.DR,,734
42,feature.Yield.unmanaged.FDC,,735
42,feature.Yield.unmanaged.HW,,736
42,feature.Yield.unmanaged.PL,,737
42,feature.Yield.unmanaged.SS,,737
42,feature.Yield.unmanaged.Total,,738
43,feature.Area.managed,,21
43,feature.Area.og1.CWHvm_FDC_HW_M,,165
43,feature.Area.og1.total,,165
43,feature.Area.og2.CWHvm_FDC_HW_M,,23
43,feature.Area.og2.total,,23
43,feature.Height.managed.CWHvm_FDC_HW_M,,24
43,feature.QMD.managed.CWHvm_FDC_HW_M,,4
43,feature.Seral.CWHvm_FDC_HW_M.immature,,59
43,feature.Seral.CWHvm_FDC_HW_M.mature,,60
43,feature.Seral.CWHvm_FDC_HW_M.overmature,,61
43,feature.Seral.CWHvm_FDC_HW_M.regenerating,,28
43,feature.Seral.CWHvm_FDC_HW_M.young,,29
43,feature.Seral.immature,,59
43,feature.Seral.mature,,60
43,feature.Seral.overmature,,61
43,feature.Seral.regenerating,,28
43,feature.Seral.young,,29
43,feature.SpeciesProp.managed.BA,,487
43,feature.SpeciesProp.managed.CW,,488
43,feature.SpeciesProp.managed.DR,,489
43,feature.SpeciesProp.managed.FDC,,490
43,feature.SpeciesProp.managed.HW,,491
43,feature.SpeciesProp.managed.PL,,492
43,feature.SpeciesProp.managed.SS,,492
43,feature.Yield.managed.BA,,403
43,feature.Yield.managed.CW,,739
43,feature.Yield.managed.DR,,740
43,feature.Yield.managed.FDC,,741
43,feature.Yield.managed.HW,,742
43,feature.Yield.managed.PL,,743
43,feature.Yield.managed.SS,,743
43,feature.Yield.managed.Total,,744
44,feature.Area.og1.CWHvm_HW_CW_H,,431
44,feature.Area.og1.total,,431
44,feature.Area.og2.CWHvm_HW_CW_H,,23
44,feature.Area.og2.total,,23
44,feature.Area.unmanaged,,21
44,feature.Height.unmanaged.CWHvm_HW_CW_H,,58
44,feature.QMD.unmanaged.CWHvm_HW_CW_H,,4
44,feature.Seral.CWHvm_HW_CW_H.immature,,361
44,feature.Seral.CWHvm_HW_CW_H.mature,,433
44,feature.Seral.CWHvm_HW_CW_H.overmature,,434
44,feature.Seral.CWHvm_HW_CW_H.regenerating,,28
44,feature.Seral.CWHvm_HW_CW_H.young,,29
44,feature.Seral.immature,,361
44,feature.Seral.mature,,433
44,feature.Seral.overmature,,434
44,feature.Seral.regenerating,,28
44,feature.Seral.young,,29
44,feature.SpeciesProp.unmanaged.BA,,753
44,feature.SpeciesProp.unmanaged.CW,,110
44,feature.SpeciesProp.unmanaged.DR,,111
44,feature.SpeciesProp.unmanaged.FDC,,112
44,feature.SpeciesProp.unmanaged.HW,,754
44,feature.SpeciesProp.unmanaged.PLC,,114
44,feature.SpeciesProp.unmanaged.SS,,115
44,feature.SpeciesProp.unmanaged.YC,,116
44,feature.Yield.unmanaged.BA,,755
44,feature.Yield.unmanaged.CW,,756
44,feature.Yield.unmanaged.DR,,757
44,feature.Yield.unmanaged.FDC,,758
44,feature.Yield.unmanaged.HW,,759
44,feature.Yield.unmanaged.PLC,,760
44,feature.Yield.unmanaged.SS,,761
44,feature.Yield.unmanaged.Total,,762
44,feature.Yield.unmanaged.YC,,763
45,feature.Area.og1.CWHvm_HW_SS_M,,165
45,feature.Area.og1.total,,165
45,feature.Area.og2.CWHvm_HW_SS_M,,23
45,feature.Area.og2.total,,23
45,feature.Area.unmanaged,,21
45,feature.Height.unmanaged.CWHvm_HW_SS_M,,312
45,feature.QMD.unmanaged.CWHvm_HW_SS_M,,4
45,feature.Seral.CWHvm_HW_SS_M.immature,,361
45,feature.Seral.CWHvm_HW_SS_M.mature,,764
45,feature.Seral.CWHvm_HW_SS_M.overmature,,765
45,feature.Seral.CWHvm_HW_SS_M.regenerating,,28
45,feature.Seral.CWHvm_HW_SS_M.young,,29
45,feature.Seral.immature,,361
45,feature.Seral.mature,,764
45,feature.Seral.overmature,,765
45,feature.Seral.regenerating,,28
45,feature.Seral.young,,29
45,feature.SpeciesProp.unmanaged.BA,,766
45,feature.SpeciesProp.unmanaged.CW,,766
45,feature.SpeciesProp.unmanaged.DR,,767
45,feature.SpeciesProp.unmanaged.HW,,768
45,feature.SpeciesProp.unmanaged.SS,,769
45,feature.Yield.unmanaged.BA,,770
45,feature.Yield.unmanaged.CW,,770
45,feature.Yield.unmanaged.DR,,771
45,feature.Yield.unmanaged.HW,,772
45,feature.Yield.unmanaged.SS,,773
45,feature.Yield.unmanaged.Total,,774
46,feature.Area.managed,,21
46,feature.Area.og1.CWHvm_HW_SS_M,,165
46,feature.Area.og1.total,,165
46,feature.Area.og2.CWHvm_HW_SS_M,,23
46,feature.Area.og2.total,,23
46,feature.Height.managed.CWHvm_HW_SS_M,,24
46,feature.QMD.managed.CWHvm_HW_SS_M,,4
46,feature.Seral.CWHvm_HW_SS_M.immature,,361
46,feature.Seral.CWHvm_HW_SS_M.mature,,764
46,feature.Seral.CWHvm_HW_SS_M.overmature,,765
46,feature.Seral.CWHvm_HW_SS_M.regenerating,,28
46,feature.Seral.CWHvm_HW_SS_M.young,,29
46,feature.Seral.immature,,361
46,feature.Seral.mature,,764
46,feature.Seral.overmature,,765
46,feature.Seral.regenerating,,28
46,feature.Seral.young,,29
46,feature.SpeciesProp.managed.BA,,766
46,feature.SpeciesProp.managed.CW,,766
46,feature.SpeciesProp.managed.DR,,767
46,feature.SpeciesProp.managed.HW,,768
46,feature.SpeciesProp.managed.SS,,769
46,feature.Yield.managed.BA,,775
46,feature.Yield.managed.CW,,775
46,feature.Yield.managed.DR,,776
46,feature.Yield.managed.HW,,777
46,feature.Yield.managed.SS,,778
46,feature.Yield.managed.Total,,779
47,feature.Area.managed,,21
47,feature.Area.og1.CWHvm_HW_SS_M,,165
47,feature.Area.og1.total,,165
47,feature.Area.og2.CWHvm_HW_SS_M,,23
47,feature.Area.og2.total,,23
47,feature.Height.managed.CWHvm_HW_SS_M,,24
47,feature.QMD.managed.CWHvm_HW_SS_M,,4
47,feature.Seral.CWHvm_HW_SS_M.immature,,361
47,feature.Seral.CWHvm_HW_SS_M.mature,,764
47,feature.Seral.CWHvm_HW_SS_M.overmature,,765
47,feature.Seral.CWHvm_HW_SS_M.regenerating,,28
47,feature.Seral.CWHvm_HW_SS_M.young,,29
47,feature.Seral.immature,,361
47,feature.Seral.mature,,764
47,feature.Seral.overmature,,765
47,feature.Seral.regenerating,,28
47,feature.Seral.young,,29
47,feature.SpeciesProp.managed.BA,,791
47,feature.SpeciesProp.managed.CW,,792
47,feature.SpeciesProp.managed.DR,,793
47,feature.SpeciesProp.managed.FDC,,794
47,feature.SpeciesProp.managed.HW,,795
47,feature.SpeciesProp.managed.SS,,796
47,feature.Yield.managed.BA,,797
47,feature.Yield.managed.CW,,798
47,feature.Yield.managed.DR,,799
47,feature.Yield.managed.FDC,,800
47,feature.Yield.managed.HW,,801
47,feature.Yield.managed.SS,,802
47,feature.Yield.managed.Total,,779
48,feature.Area.og1.CWHvm_HW_SS_M,,165
48,feature.Area.og1.total,,165
48,feature.Area.og2.CWHvm_HW_SS_M,,23
48,feature.Area.og2.total,,23
48,feature.Area.unmanaged,,21
48,feature.Height.unmanaged.CWHvm_HW_SS_M,,312
48,feature.QMD.unmanaged.CWHvm_HW_SS_M,,4
48,feature.Seral.CWHvm_HW_SS_M.immature,,361
48,feature.Seral.CWHvm_HW_SS_M.mature,,764
48,feature.Seral.CWHvm_HW_SS_M.overmature,,765
48,feature.Seral.CWHvm_HW_SS_M.regenerating,,28
48,feature.Seral.CWHvm_HW_SS_M.young,,29
48,feature.Seral.immature,,361
48,feature.Seral.mature,,764
48,feature.Seral.overmature,,765
48,feature.Seral.regenerating,,28
48,feature.Seral.young,,29
48,feature.SpeciesProp.unmanaged.BA,,791
48,feature.SpeciesProp.unmanaged.CW,,792
48,feature.SpeciesProp.unmanaged.DR,,793
48,feature.SpeciesProp.unmanaged.FDC,,794
48,feature.SpeciesProp.unmanaged.HW,,795
48,feature.SpeciesProp.unmanaged.SS,,796
48,feature.Yield.unmanaged.BA,,815
48,feature.Yield.unmanaged.CW,,816
48,feature.Yield.unmanaged.DR,,817
48,feature.Yield.unmanaged.FDC,,818
48,feature.Yield.unmanaged.HW,,819
48,feature.Yield.unmanaged.SS,,820
48,feature.Yield.unmanaged.Total,,821
49,feature.Area.og1.CWHvm_FDC_HW_H,,57
49,feature.Area.og1.total,,57
49,feature.Area.og2.CWHvm_FDC_HW_H,,23
49,feature.Area.og2.total,,23
49,feature.Area.unmanaged,,21
49,feature.Height.unmanaged.CWHvm_FDC_HW_H,,58
49,feature.QMD.unmanaged.CWHvm_FDC_HW_H,,4
49,feature.Seral.CWHvm_FDC_HW_H.immature,,59
49,feature.Seral.CWHvm_FDC_HW_H.mature,,60
49,feature.Seral.CWHvm_FDC_HW_H.overmature,,61
49,feature.Seral.CWHvm_FDC_HW_H.regenerating,,28
49,feature.Seral.CWHvm_FDC_HW_H.young,,29
49,feature.Seral.immature,,59
49,feature.Seral.mature,,60
49,feature.Seral.overmature,,61
49,feature.Seral.regenerating,,28
49,feature.Seral.young,,29
49,feature.SpeciesProp.unmanaged.BA,,487
49,feature.SpeciesProp.unmanaged.CW,,488
49,feature.SpeciesProp.unmanaged.DR,,489
49,feature.SpeciesProp.unmanaged.FDC,,490
49,feature.SpeciesProp.unmanaged.HW,,491
49,feature.SpeciesProp.unmanaged.PL,,492
49,feature.SpeciesProp.unmanaged.SS,,492
49,feature.Yield.unmanaged.BA,,822
49,feature.Yield.unmanaged.CW,,823
49,feature.Yield.unmanaged.DR,,824
49,feature.Yield.unmanaged.FDC,,825
49,feature.Yield.unmanaged.HW,,826
49,feature.Yield.unmanaged.PL,,827
49,feature.Yield.unmanaged.SS,,827
49,feature.Yield.unmanaged.Total,,828
50,feature.Area.managed,,21
50,feature.Area.og1.CWHvm_FDC_HW_H,,57
50,feature.Area.og1.total,,57
50,feature.Area.og2.CWHvm_FDC_HW_H,,23
50,feature.Area.og2.total,,23
50,feature.Height.managed.CWHvm_FDC_HW_H,,75
50,feature.QMD.managed.CWHvm_FDC_HW_H,,4
50,feature.Seral.CWHvm_FDC_HW_H.immature,,59
50,feature.Seral.CWHvm_FDC_HW_H.mature,,60
50,feature.Seral.CWHvm_FDC_HW_H.overmature,,61
50,feature.Seral.CWHvm_FDC_HW_H.regenerating,,28
50,feature.Seral.CWHvm_FDC_HW_H.young,,29
50,feature.Seral.immature,,59
50,feature.Seral.mature,,60
50,feature.Seral.overmature,,61
50,feature.Seral.regenerating,,28
50,feature.Seral.young,,29
50,feature.SpeciesProp.managed.BA,,487
50,feature.SpeciesProp.managed.CW,,488
50,feature.SpeciesProp.managed.DR,,489
50,feature.SpeciesProp.managed.FDC,,490
50,feature.SpeciesProp.managed.HW,,491
50,feature.SpeciesProp.managed.PL,,829
50,feature.SpeciesProp.managed.SS,,829
50,feature.Yield.managed.BA,,830
50,feature.Yield.managed.CW,,831
50,feature.Yield.managed.DR,,832
50,feature.Yield.managed.FDC,,833
50,feature.Yield.managed.HW,,834
50,feature.Yield.managed.PL,,835
50,feature.Yield.managed.SS,,835
50,feature.Yield.managed.Total,,85
