TRACK,STRATA
<<<<<<< HEAD
1,1.0 x 0+treatment()+AU(985502004)+IFM(unmanaged)+ORIGIN(planted)+SILV_STATE(cc_pl)+RETENTION(0.443400273915395)
2,1.0 x 0+treatment()+AU(985502004)+IFM(managed)+ORIGIN(planted)+SILV_STATE(cc_pl)+RETENTION(0.443400273915395)
3,1.0 x 0+treatment()+AU(985503001)+IFM(unmanaged)+ORIGIN(planted)+SILV_STATE(cc_pl)+RETENTION(0.05)
4,1.0 x 0+treatment()+AU(985503001)+IFM(managed)+ORIGIN(planted)+SILV_STATE(cc_pl)+RETENTION(0.05)
5,1.0 x 0+treatment()+AU(985503001)+IFM(managed)+ORIGIN(planted)+SILV_STATE(cc_pl_pct)+RETENTION(0.05)
6,1.0 x 0+treatment()+AU(985502003)+IFM(unmanaged)+ORIGIN(planted)+SILV_STATE(cc_pl)+RETENTION(0.791965229185507)
7,1.0 x 0+treatment()+AU(985502003)+IFM(managed)+ORIGIN(planted)+SILV_STATE(cc_pl)+RETENTION(0.791965229185507)
8,1.0 x 0+treatment()+AU(985503000)+IFM(unmanaged)+ORIGIN(planted)+SILV_STATE(cc_pl)+RETENTION(0.05)
9,1.0 x 0+treatment()+AU(985503000)+IFM(managed)+ORIGIN(planted)+SILV_STATE(cc_pl)+RETENTION(0.05)
10,1.0 x 0+treatment()+AU(985503000)+IFM(managed)+ORIGIN(planted)+SILV_STATE(cc_pl_pct)+RETENTION(0.05)
11,1.0 x 0+treatment()+AU(985502004)+IFM(unmanaged)+ORIGIN(planted)+SILV_STATE(cc_pl)+RETENTION(0.87507664769709)
12,1.0 x 0+treatment()+AU(985502004)+IFM(managed)+ORIGIN(planted)+SILV_STATE(cc_pl)+RETENTION(0.87507664769709)
13,1.0 x 0+treatment()+AU(985501003)+IFM(unmanaged)+ORIGIN(natural)+SILV_STATE(baseline)+RETENTION(0.05)
14,1.0 x 0+treatment()+AU(985501003)+IFM(managed)+ORIGIN(natural)+SILV_STATE(baseline)+RETENTION(0.05)
15,1.0 x 0+treatment()+AU(985501003)+IFM(managed)+ORIGIN(planted)+SILV_STATE(cc_pl)+RETENTION(0.05)
16,1.0 x 0+treatment()+AU(985501001)+IFM(unmanaged)+ORIGIN(planted)+SILV_STATE(cc_pl)+RETENTION(0.192995940536949)
17,1.0 x 0+treatment()+AU(985501001)+IFM(managed)+ORIGIN(planted)+SILV_STATE(cc_pl)+RETENTION(0.192995940536949)
18,1.0 x 0+treatment()+AU(985502002)+IFM(unmanaged)+ORIGIN(natural)+SILV_STATE(baseline)+RETENTION(0.05)
19,1.0 x 0+treatment()+AU(985502002)+IFM(managed)+ORIGIN(natural)+SILV_STATE(baseline)+RETENTION(0.05)
20,1.0 x 0+treatment()+AU(985502002)+IFM(managed)+ORIGIN(planted)+SILV_STATE(cc_pl)+RETENTION(0.05)
21,1.0 x 0+treatment()+AU(985503000)+IFM(unmanaged)+ORIGIN(planted)+SILV_STATE(cc_pl)+RETENTION(0.697286055680556)
22,1.0 x 0+treatment()+AU(985503000)+IFM(managed)+ORIGIN(planted)+SILV_STATE(cc_pl)+RETENTION(0.697286055680556)
23,1.0 x 0+treatment()+AU(985503000)+IFM(managed)+ORIGIN(planted)+SILV_STATE(cc_pl_pct)+RETENTION(0.697286055680556)
24,1.0 x 0+treatment()+AU(985501000)+IFM(unmanaged)+ORIGIN(planted)+SILV_STATE(cc_pl)+RETENTION(0.05)
25,1.0 x 0+treatment()+AU(985501000)+IFM(managed)+ORIGIN(planted)+SILV_STATE(cc_pl)+RETENTION(0.05)
26,1.0 x 0+treatment()+AU(985502001)+IFM(unmanaged)+ORIGIN(planted)+SILV_STATE(cc_pl)+RETENTION(0.256364774617248)
27,1.0 x 0+treatment()+AU(985502001)+IFM(managed)+ORIGIN(planted)+SILV_STATE(cc_pl)+RETENTION(0.256364774617248)
28,1.0 x 0+treatment()+AU(985502001)+IFM(managed)+ORIGIN(planted)+SILV_STATE(cc_pl_pct)+RETENTION(0.256364774617248)
29,1.0 x 0+treatment()+AU(985502001)+IFM(unmanaged)+ORIGIN(planted)+SILV_STATE(cc_pl)+RETENTION(0.109045685782857)
30,1.0 x 0+treatment()+AU(985502001)+IFM(managed)+ORIGIN(planted)+SILV_STATE(cc_pl)+RETENTION(0.109045685782857)
31,1.0 x 0+treatment()+AU(985502001)+IFM(managed)+ORIGIN(planted)+SILV_STATE(cc_pl_pct)+RETENTION(0.109045685782857)
32,1.0 x 0+treatment()+AU(985503003)+IFM(unmanaged)+ORIGIN(natural)+SILV_STATE(baseline)+RETENTION(0.266253246278669)
33,1.0 x 0+treatment()+AU(985503003)+IFM(managed)+ORIGIN(natural)+SILV_STATE(baseline)+RETENTION(0.266253246278669)
34,1.0 x 0+treatment()+AU(985503003)+IFM(managed)+ORIGIN(planted)+SILV_STATE(cc_pl)+RETENTION(0.266253246278669)
35,1.0 x 0+treatment()+AU(985501000)+IFM(unmanaged)+ORIGIN(natural)+SILV_STATE(baseline)+RETENTION(0.315909830740789)
36,1.0 x 0+treatment()+AU(985501000)+IFM(managed)+ORIGIN(natural)+SILV_STATE(baseline)+RETENTION(0.315909830740789)
37,1.0 x 0+treatment()+AU(985501000)+IFM(managed)+ORIGIN(planted)+SILV_STATE(cc_pl)+RETENTION(0.315909830740789)
38,1.0 x 0+treatment()+AU(985502002)+IFM(unmanaged)+ORIGIN(natural)+SILV_STATE(baseline)+RETENTION(0.797504954319513)
39,1.0 x 0+treatment()+AU(985502002)+IFM(managed)+ORIGIN(natural)+SILV_STATE(baseline)+RETENTION(0.797504954319513)
40,1.0 x 0+treatment()+AU(985502002)+IFM(managed)+ORIGIN(planted)+SILV_STATE(cc_pl)+RETENTION(0.797504954319513)
41,1.0 x 0+treatment()+AU(985502003)+IFM(unmanaged)+ORIGIN(natural)+SILV_STATE(baseline)+RETENTION(0.969245694798794)
42,1.0 x 0+treatment()+AU(985502003)+IFM(managed)+ORIGIN(natural)+SILV_STATE(baseline)+RETENTION(0.969245694798794)
43,1.0 x 0+treatment()+AU(985502003)+IFM(managed)+ORIGIN(planted)+SILV_STATE(cc_pl)+RETENTION(0.969245694798794)
44,1.0 x 0+treatment()+AU(985503001)+IFM(unmanaged)+ORIGIN(planted)+SILV_STATE(cc_pl)+RETENTION(0.061148789532034)
45,1.0 x 0+treatment()+AU(985503001)+IFM(managed)+ORIGIN(planted)+SILV_STATE(cc_pl)+RETENTION(0.061148789532034)
46,1.0 x 0+treatment()+AU(985503001)+IFM(managed)+ORIGIN(planted)+SILV_STATE(cc_pl_pct)+RETENTION(0.061148789532034)
47,1.0 x 0+treatment()+AU(985503000)+IFM(unmanaged)+ORIGIN(natural)+SILV_STATE(baseline)+RETENTION(0.13742577067684)
48,1.0 x 0+treatment()+AU(985503000)+IFM(managed)+ORIGIN(natural)+SILV_STATE(baseline)+RETENTION(0.13742577067684)
49,1.0 x 0+treatment()+AU(985503000)+IFM(managed)+ORIGIN(planted)+SILV_STATE(cc_pl)+RETENTION(0.13742577067684)
50,1.0 x 0+treatment()+AU(985503000)+IFM(managed)+ORIGIN(planted)+SILV_STATE(cc_pl_pct)+RETENTION(0.13742577067684)
51,1.0 x 0+treatment()+AU(985501000)+IFM(unmanaged)+ORIGIN(natural)+SILV_STATE(baseline)+RETENTION(0.107125654874757)
52,1.0 x 0+treatment()+AU(985501000)+IFM(managed)+ORIGIN(natural)+SILV_STATE(baseline)+RETENTION(0.107125654874757)
53,1.0 x 0+treatment()+AU(985501000)+IFM(managed)+ORIGIN(planted)+SILV_STATE(cc_pl)+RETENTION(0.107125654874757)
54,1.0 x 0+treatment()+AU(985502006)+IFM(unmanaged)+ORIGIN(natural)+SILV_STATE(baseline)+RETENTION(1.0)
55,1.0 x 0+treatment()+AU(985501000)+IFM(unmanaged)+ORIGIN(planted)+SILV_STATE(cc_pl)+RETENTION(0.642636296932827)
56,1.0 x 0+treatment()+AU(985501000)+IFM(managed)+ORIGIN(planted)+SILV_STATE(cc_pl)+RETENTION(0.642636296932827)
57,1.0 x 0+treatment()+AU(985503000)+IFM(unmanaged)+ORIGIN(planted)+SILV_STATE(cc_pl)+RETENTION(0.109691040645367)
58,1.0 x 0+treatment()+AU(985503000)+IFM(managed)+ORIGIN(planted)+SILV_STATE(cc_pl)+RETENTION(0.109691040645367)
59,1.0 x 0+treatment()+AU(985503000)+IFM(managed)+ORIGIN(planted)+SILV_STATE(cc_pl_pct)+RETENTION(0.109691040645367)
60,1.0 x 0+treatment()+AU(985502007)+IFM(unmanaged)+ORIGIN(natural)+SILV_STATE(baseline)+RETENTION(0.431271423681445)
61,1.0 x 0+treatment()+AU(985502007)+IFM(managed)+ORIGIN(natural)+SILV_STATE(baseline)+RETENTION(0.431271423681445)
62,1.0 x 0+treatment()+AU(985502007)+IFM(managed)+ORIGIN(planted)+SILV_STATE(cc_pl)+RETENTION(0.431271423681445)
63,1.0 x 0+treatment()+AU(985502001)+IFM(unmanaged)+ORIGIN(planted)+SILV_STATE(cc_pl)+RETENTION(0.05)
64,1.0 x 0+treatment()+AU(985502001)+IFM(managed)+ORIGIN(planted)+SILV_STATE(cc_pl)+RETENTION(0.05)
65,1.0 x 0+treatment()+AU(985502001)+IFM(managed)+ORIGIN(planted)+SILV_STATE(cc_pl_pct)+RETENTION(0.05)
66,1.0 x 0+treatment()+AU(985503000)+IFM(unmanaged)+ORIGIN(planted)+SILV_STATE(cc_pl)+RETENTION(0.306905448114809)
67,1.0 x 0+treatment()+AU(985503000)+IFM(managed)+ORIGIN(planted)+SILV_STATE(cc_pl)+RETENTION(0.306905448114809)
68,1.0 x 0+treatment()+AU(985503000)+IFM(managed)+ORIGIN(planted)+SILV_STATE(cc_pl_pct)+RETENTION(0.306905448114809)
69,1.0 x 0+treatment()+AU(985503003)+IFM(unmanaged)+ORIGIN(natural)+SILV_STATE(baseline)+RETENTION(0.787350166556645)
70,1.0 x 0+treatment()+AU(985503003)+IFM(managed)+ORIGIN(natural)+SILV_STATE(baseline)+RETENTION(0.787350166556645)
71,1.0 x 0+treatment()+AU(985503003)+IFM(managed)+ORIGIN(planted)+SILV_STATE(cc_pl)+RETENTION(0.787350166556645)
72,1.0 x 0+treatment()+AU(985502002)+IFM(unmanaged)+ORIGIN(natural)+SILV_STATE(baseline)+RETENTION(0.856396395392073)
73,1.0 x 0+treatment()+AU(985502002)+IFM(managed)+ORIGIN(natural)+SILV_STATE(baseline)+RETENTION(0.856396395392073)
74,1.0 x 0+treatment()+AU(985502002)+IFM(managed)+ORIGIN(planted)+SILV_STATE(cc_pl)+RETENTION(0.856396395392073)
75,1.0 x 0+treatment()+AU(985502002)+IFM(unmanaged)+ORIGIN(natural)+SILV_STATE(baseline)+RETENTION(0.647465729859521)
76,1.0 x 0+treatment()+AU(985502002)+IFM(managed)+ORIGIN(natural)+SILV_STATE(baseline)+RETENTION(0.647465729859521)
77,1.0 x 0+treatment()+AU(985502002)+IFM(managed)+ORIGIN(planted)+SILV_STATE(cc_pl)+RETENTION(0.647465729859521)
78,1.0 x 0+treatment()+AU(985501001)+IFM(unmanaged)+ORIGIN(natural)+SILV_STATE(baseline)+RETENTION(0.088976458379443)
79,1.0 x 0+treatment()+AU(985501001)+IFM(managed)+ORIGIN(natural)+SILV_STATE(baseline)+RETENTION(0.088976458379443)
80,1.0 x 0+treatment()+AU(985501001)+IFM(managed)+ORIGIN(planted)+SILV_STATE(cc_pl)+RETENTION(0.088976458379443)
81,1.0 x 0+treatment()+AU(985501003)+IFM(unmanaged)+ORIGIN(natural)+SILV_STATE(baseline)+RETENTION(0.918249076504804)
82,1.0 x 0+treatment()+AU(985501003)+IFM(managed)+ORIGIN(natural)+SILV_STATE(baseline)+RETENTION(0.918249076504804)
83,1.0 x 0+treatment()+AU(985501003)+IFM(managed)+ORIGIN(planted)+SILV_STATE(cc_pl)+RETENTION(0.918249076504804)
84,1.0 x 0+treatment()+AU(985502003)+IFM(unmanaged)+ORIGIN(natural)+SILV_STATE(baseline)+RETENTION(0.05)
85,1.0 x 0+treatment()+AU(985502003)+IFM(managed)+ORIGIN(natural)+SILV_STATE(baseline)+RETENTION(0.05)
86,1.0 x 0+treatment()+AU(985502003)+IFM(managed)+ORIGIN(planted)+SILV_STATE(cc_pl)+RETENTION(0.05)
87,1.0 x 0+treatment()+AU(985502002)+IFM(unmanaged)+ORIGIN(planted)+SILV_STATE(cc_pl)+RETENTION(0.05)
88,1.0 x 0+treatment()+AU(985503000)+IFM(unmanaged)+ORIGIN(planted)+SILV_STATE(cc_pl)+RETENTION(0.125341138543193)
89,1.0 x 0+treatment()+AU(985503000)+IFM(managed)+ORIGIN(planted)+SILV_STATE(cc_pl)+RETENTION(0.125341138543193)
90,1.0 x 0+treatment()+AU(985503000)+IFM(managed)+ORIGIN(planted)+SILV_STATE(cc_pl_pct)+RETENTION(0.125341138543193)
91,1.0 x 0+treatment()+AU(985501000)+IFM(unmanaged)+ORIGIN(natural)+SILV_STATE(baseline)+RETENTION(0.05)
92,1.0 x 0+treatment()+AU(985501000)+IFM(managed)+ORIGIN(natural)+SILV_STATE(baseline)+RETENTION(0.05)
93,1.0 x 0+treatment()+AU(985501001)+IFM(unmanaged)+ORIGIN(planted)+SILV_STATE(cc_pl)+RETENTION(0.05)
94,1.0 x 0+treatment()+AU(985501001)+IFM(managed)+ORIGIN(planted)+SILV_STATE(cc_pl)+RETENTION(0.05)
95,1.0 x 0+treatment()+AU(985501003)+IFM(unmanaged)+ORIGIN(natural)+SILV_STATE(baseline)+RETENTION(0.060493855449006)
96,1.0 x 0+treatment()+AU(985501003)+IFM(managed)+ORIGIN(natural)+SILV_STATE(baseline)+RETENTION(0.060493855449006)
97,1.0 x 0+treatment()+AU(985501003)+IFM(managed)+ORIGIN(planted)+SILV_STATE(cc_pl)+RETENTION(0.060493855449006)
98,1.0 x 0+treatment()+AU(985502004)+IFM(unmanaged)+ORIGIN(planted)+SILV_STATE(cc_pl)+RETENTION(0.283109415262228)
99,1.0 x 0+treatment()+AU(985502004)+IFM(managed)+ORIGIN(planted)+SILV_STATE(cc_pl)+RETENTION(0.283109415262228)
100,1.0 x 0+treatment()+AU(985501001)+IFM(unmanaged)+ORIGIN(planted)+SILV_STATE(cc_pl)+RETENTION(0.481833114952294)
101,1.0 x 0+treatment()+AU(985501001)+IFM(managed)+ORIGIN(planted)+SILV_STATE(cc_pl)+RETENTION(0.481833114952294)
102,1.0 x 0+treatment()+AU(985503003)+IFM(unmanaged)+ORIGIN(natural)+SILV_STATE(baseline)+RETENTION(0.05)
103,1.0 x 0+treatment()+AU(985503003)+IFM(managed)+ORIGIN(natural)+SILV_STATE(baseline)+RETENTION(0.05)
104,1.0 x 0+treatment()+AU(985503003)+IFM(managed)+ORIGIN(planted)+SILV_STATE(cc_pl)+RETENTION(0.05)
105,1.0 x 0+treatment()+AU(985502002)+IFM(unmanaged)+ORIGIN(natural)+SILV_STATE(baseline)+RETENTION(0.983969345894882)
106,1.0 x 0+treatment()+AU(985502002)+IFM(managed)+ORIGIN(natural)+SILV_STATE(baseline)+RETENTION(0.983969345894882)
107,1.0 x 0+treatment()+AU(985502002)+IFM(managed)+ORIGIN(planted)+SILV_STATE(cc_pl)+RETENTION(0.983969345894882)
108,1.0 x 0+treatment()+AU(985502002)+IFM(unmanaged)+ORIGIN(natural)+SILV_STATE(baseline)+RETENTION(0.99308245193052)
109,1.0 x 0+treatment()+AU(985502002)+IFM(managed)+ORIGIN(natural)+SILV_STATE(baseline)+RETENTION(0.99308245193052)
110,1.0 x 0+treatment()+AU(985502002)+IFM(managed)+ORIGIN(planted)+SILV_STATE(cc_pl)+RETENTION(0.99308245193052)
111,1.0 x 0+treatment()+AU(985502004)+IFM(unmanaged)+ORIGIN(planted)+SILV_STATE(cc_pl)+RETENTION(0.692631972894238)
112,1.0 x 0+treatment()+AU(985502004)+IFM(managed)+ORIGIN(planted)+SILV_STATE(cc_pl)+RETENTION(0.692631972894238)
113,1.0 x 0+treatment()+AU(985502002)+IFM(unmanaged)+ORIGIN(natural)+SILV_STATE(baseline)+RETENTION(0.263349540881975)
114,1.0 x 0+treatment()+AU(985502002)+IFM(managed)+ORIGIN(natural)+SILV_STATE(baseline)+RETENTION(0.263349540881975)
115,1.0 x 0+treatment()+AU(985502002)+IFM(managed)+ORIGIN(planted)+SILV_STATE(cc_pl)+RETENTION(0.263349540881975)
116,1.0 x 0+treatment()+AU(985502004)+IFM(unmanaged)+ORIGIN(planted)+SILV_STATE(cc_pl)+RETENTION(0.880653470438087)
117,1.0 x 0+treatment()+AU(985502004)+IFM(managed)+ORIGIN(planted)+SILV_STATE(cc_pl)+RETENTION(0.880653470438087)
118,1.0 x 0+treatment()+AU(985501001)+IFM(unmanaged)+ORIGIN(planted)+SILV_STATE(cc_pl)+RETENTION(0.276734032554309)
119,1.0 x 0+treatment()+AU(985501001)+IFM(managed)+ORIGIN(planted)+SILV_STATE(cc_pl)+RETENTION(0.276734032554309)
120,1.0 x 0+treatment()+AU(985502002)+IFM(unmanaged)+ORIGIN(natural)+SILV_STATE(baseline)+RETENTION(0.905426141345948)
121,1.0 x 0+treatment()+AU(985502002)+IFM(managed)+ORIGIN(natural)+SILV_STATE(baseline)+RETENTION(0.905426141345948)
122,1.0 x 0+treatment()+AU(985502002)+IFM(managed)+ORIGIN(planted)+SILV_STATE(cc_pl)+RETENTION(0.905426141345948)
123,1.0 x 0+treatment()+AU(985502002)+IFM(unmanaged)+ORIGIN(natural)+SILV_STATE(baseline)+RETENTION(0.999999998093355)
124,1.0 x 0+treatment()+AU(985502008)+IFM(unmanaged)+ORIGIN(natural)+SILV_STATE(baseline)+RETENTION(1.0)
125,1.0 x 0+treatment()+AU(985503000)+IFM(unmanaged)+ORIGIN(natural)+SILV_STATE(baseline)+RETENTION(0.05)
126,1.0 x 0+treatment()+AU(985503000)+IFM(managed)+ORIGIN(natural)+SILV_STATE(baseline)+RETENTION(0.05)
127,1.0 x 0+treatment()+AU(985502002)+IFM(unmanaged)+ORIGIN(natural)+SILV_STATE(baseline)+RETENTION(0.984924030059899)
128,1.0 x 0+treatment()+AU(985502002)+IFM(managed)+ORIGIN(natural)+SILV_STATE(baseline)+RETENTION(0.984924030059899)
129,1.0 x 0+treatment()+AU(985502002)+IFM(managed)+ORIGIN(planted)+SILV_STATE(cc_pl)+RETENTION(0.984924030059899)
130,1.0 x 0+treatment()+AU(985503000)+IFM(unmanaged)+ORIGIN(planted)+SILV_STATE(cc_pl)+RETENTION(0.724304088712463)
131,1.0 x 0+treatment()+AU(985503000)+IFM(managed)+ORIGIN(planted)+SILV_STATE(cc_pl)+RETENTION(0.724304088712463)
132,1.0 x 0+treatment()+AU(985503000)+IFM(managed)+ORIGIN(planted)+SILV_STATE(cc_pl_pct)+RETENTION(0.724304088712463)
133,1.0 x 0+treatment()+AU(985503000)+IFM(unmanaged)+ORIGIN(planted)+SILV_STATE(cc_pl)+RETENTION(0.664856882526568)
134,1.0 x 0+treatment()+AU(985503000)+IFM(managed)+ORIGIN(planted)+SILV_STATE(cc_pl)+RETENTION(0.664856882526568)
135,1.0 x 0+treatment()+AU(985503000)+IFM(managed)+ORIGIN(planted)+SILV_STATE(cc_pl_pct)+RETENTION(0.664856882526568)
136,1.0 x 0+treatment()+AU(985501000)+IFM(unmanaged)+ORIGIN(planted)+SILV_STATE(cc_pl)+RETENTION(0.179407551690969)
137,1.0 x 0+treatment()+AU(985501000)+IFM(managed)+ORIGIN(planted)+SILV_STATE(cc_pl)+RETENTION(0.179407551690969)
138,1.0 x 0+treatment()+AU(985502002)+IFM(unmanaged)+ORIGIN(natural)+SILV_STATE(baseline)+RETENTION(0.829267594682657)
139,1.0 x 0+treatment()+AU(985502002)+IFM(managed)+ORIGIN(natural)+SILV_STATE(baseline)+RETENTION(0.829267594682657)
140,1.0 x 0+treatment()+AU(985502002)+IFM(managed)+ORIGIN(planted)+SILV_STATE(cc_pl)+RETENTION(0.829267594682657)
141,1.0 x 0+treatment()+AU(985502001)+IFM(unmanaged)+ORIGIN(natural)+SILV_STATE(baseline)+RETENTION(0.387966376276418)
142,1.0 x 0+treatment()+AU(985502001)+IFM(managed)+ORIGIN(natural)+SILV_STATE(baseline)+RETENTION(0.387966376276418)
143,1.0 x 0+treatment()+AU(985502001)+IFM(managed)+ORIGIN(planted)+SILV_STATE(cc_pl)+RETENTION(0.387966376276418)
144,1.0 x 0+treatment()+AU(985502001)+IFM(managed)+ORIGIN(planted)+SILV_STATE(cc_pl_pct)+RETENTION(0.387966376276418)
145,1.0 x 0+treatment()+AU(985501001)+IFM(unmanaged)+ORIGIN(natural)+SILV_STATE(baseline)+RETENTION(0.05)
146,1.0 x 0+treatment()+AU(985501001)+IFM(managed)+ORIGIN(natural)+SILV_STATE(baseline)+RETENTION(0.05)
147,1.0 x 0+treatment()+AU(985503000)+IFM(unmanaged)+ORIGIN(planted)+SILV_STATE(cc_pl)+RETENTION(0.696342443313027)
148,1.0 x 0+treatment()+AU(985503000)+IFM(managed)+ORIGIN(planted)+SILV_STATE(cc_pl)+RETENTION(0.696342443313027)
149,1.0 x 0+treatment()+AU(985503000)+IFM(managed)+ORIGIN(planted)+SILV_STATE(cc_pl_pct)+RETENTION(0.696342443313027)
150,1.0 x 0+treatment()+AU(985502002)+IFM(unmanaged)+ORIGIN(planted)+SILV_STATE(cc_pl)+RETENTION(0.294177022183957)
151,1.0 x 0+treatment()+AU(985502002)+IFM(managed)+ORIGIN(planted)+SILV_STATE(cc_pl)+RETENTION(0.294177022183957)
152,1.0 x 0+treatment()+AU(985503000)+IFM(unmanaged)+ORIGIN(planted)+SILV_STATE(cc_pl)+RETENTION(0.819207410730288)
153,1.0 x 0+treatment()+AU(985503000)+IFM(managed)+ORIGIN(planted)+SILV_STATE(cc_pl)+RETENTION(0.819207410730288)
154,1.0 x 0+treatment()+AU(985503000)+IFM(managed)+ORIGIN(planted)+SILV_STATE(cc_pl_pct)+RETENTION(0.819207410730288)
155,1.0 x 0+treatment()+AU(985503003)+IFM(unmanaged)+ORIGIN(natural)+SILV_STATE(baseline)+RETENTION(0.756670517888114)
156,1.0 x 0+treatment()+AU(985503003)+IFM(managed)+ORIGIN(natural)+SILV_STATE(baseline)+RETENTION(0.756670517888114)
157,1.0 x 0+treatment()+AU(985503003)+IFM(managed)+ORIGIN(planted)+SILV_STATE(cc_pl)+RETENTION(0.756670517888114)
158,1.0 x 0+treatment()+AU(985502002)+IFM(unmanaged)+ORIGIN(natural)+SILV_STATE(baseline)+RETENTION(0.973328347569653)
159,1.0 x 0+treatment()+AU(985502002)+IFM(managed)+ORIGIN(natural)+SILV_STATE(baseline)+RETENTION(0.973328347569653)
160,1.0 x 0+treatment()+AU(985502002)+IFM(managed)+ORIGIN(planted)+SILV_STATE(cc_pl)+RETENTION(0.973328347569653)
161,1.0 x 0+treatment()+AU(985502002)+IFM(unmanaged)+ORIGIN(natural)+SILV_STATE(baseline)+RETENTION(0.727976318289745)
162,1.0 x 0+treatment()+AU(985502002)+IFM(managed)+ORIGIN(natural)+SILV_STATE(baseline)+RETENTION(0.727976318289745)
163,1.0 x 0+treatment()+AU(985502002)+IFM(managed)+ORIGIN(planted)+SILV_STATE(cc_pl)+RETENTION(0.727976318289745)
164,1.0 x 0+treatment()+AU(985503003)+IFM(unmanaged)+ORIGIN(planted)+SILV_STATE(cc_pl)+RETENTION(0.05)
165,1.0 x 0+treatment()+AU(985503000)+IFM(unmanaged)+ORIGIN(planted)+SILV_STATE(cc_pl)+RETENTION(0.493085503042317)
166,1.0 x 0+treatment()+AU(985503000)+IFM(managed)+ORIGIN(planted)+SILV_STATE(cc_pl)+RETENTION(0.493085503042317)
167,1.0 x 0+treatment()+AU(985503000)+IFM(managed)+ORIGIN(planted)+SILV_STATE(cc_pl_pct)+RETENTION(0.493085503042317)
168,1.0 x 0+treatment()+AU(985501000)+IFM(unmanaged)+ORIGIN(planted)+SILV_STATE(cc_pl)+RETENTION(0.113468402321016)
169,1.0 x 0+treatment()+AU(985501000)+IFM(managed)+ORIGIN(planted)+SILV_STATE(cc_pl)+RETENTION(0.113468402321016)
170,1.0 x 0+treatment()+AU(985503000)+IFM(unmanaged)+ORIGIN(natural)+SILV_STATE(baseline)+RETENTION(0.597495554911791)
171,1.0 x 0+treatment()+AU(985503000)+IFM(managed)+ORIGIN(natural)+SILV_STATE(baseline)+RETENTION(0.597495554911791)
172,1.0 x 0+treatment()+AU(985503000)+IFM(managed)+ORIGIN(planted)+SILV_STATE(cc_pl)+RETENTION(0.597495554911791)
173,1.0 x 0+treatment()+AU(985503000)+IFM(managed)+ORIGIN(planted)+SILV_STATE(cc_pl_pct)+RETENTION(0.597495554911791)
174,1.0 x 0+treatment()+AU(985502007)+IFM(unmanaged)+ORIGIN(natural)+SILV_STATE(baseline)+RETENTION(0.615485295018412)
175,1.0 x 0+treatment()+AU(985502007)+IFM(managed)+ORIGIN(natural)+SILV_STATE(baseline)+RETENTION(0.615485295018412)
176,1.0 x 0+treatment()+AU(985502007)+IFM(managed)+ORIGIN(planted)+SILV_STATE(cc_pl)+RETENTION(0.615485295018412)
177,1.0 x 0+treatment()+AU(985502002)+IFM(unmanaged)+ORIGIN(natural)+SILV_STATE(baseline)+RETENTION(0.653500058405207)
178,1.0 x 0+treatment()+AU(985502002)+IFM(managed)+ORIGIN(natural)+SILV_STATE(baseline)+RETENTION(0.653500058405207)
179,1.0 x 0+treatment()+AU(985502002)+IFM(managed)+ORIGIN(planted)+SILV_STATE(cc_pl)+RETENTION(0.653500058405207)
180,1.0 x 0+treatment()+AU(985502002)+IFM(unmanaged)+ORIGIN(natural)+SILV_STATE(baseline)+RETENTION(0.340463370629977)
181,1.0 x 0+treatment()+AU(985502002)+IFM(managed)+ORIGIN(natural)+SILV_STATE(baseline)+RETENTION(0.340463370629977)
182,1.0 x 0+treatment()+AU(985502002)+IFM(managed)+ORIGIN(planted)+SILV_STATE(cc_pl)+RETENTION(0.340463370629977)
183,1.0 x 0+treatment()+AU(985503001)+IFM(unmanaged)+ORIGIN(planted)+SILV_STATE(cc_pl)+RETENTION(0.334199542823614)
184,1.0 x 0+treatment()+AU(985503001)+IFM(managed)+ORIGIN(planted)+SILV_STATE(cc_pl)+RETENTION(0.334199542823614)
185,1.0 x 0+treatment()+AU(985503001)+IFM(managed)+ORIGIN(planted)+SILV_STATE(cc_pl_pct)+RETENTION(0.334199542823614)
186,1.0 x 0+treatment()+AU(985501003)+IFM(unmanaged)+ORIGIN(natural)+SILV_STATE(baseline)+RETENTION(0.849119330200394)
187,1.0 x 0+treatment()+AU(985501003)+IFM(managed)+ORIGIN(natural)+SILV_STATE(baseline)+RETENTION(0.849119330200394)
188,1.0 x 0+treatment()+AU(985501003)+IFM(managed)+ORIGIN(planted)+SILV_STATE(cc_pl)+RETENTION(0.849119330200394)
189,1.0 x 0+treatment()+AU(985502006)+IFM(unmanaged)+ORIGIN(natural)+SILV_STATE(baseline)+RETENTION(0.99)
190,1.0 x 0+treatment()+AU(985502006)+IFM(managed)+ORIGIN(natural)+SILV_STATE(baseline)+RETENTION(0.99)
191,1.0 x 0+treatment()+AU(985502006)+IFM(managed)+ORIGIN(planted)+SILV_STATE(cc_pl)+RETENTION(0.99)
192,1.0 x 0+treatment()+AU(985502001)+IFM(unmanaged)+ORIGIN(planted)+SILV_STATE(cc_pl)+RETENTION(0.06575112932525)
193,1.0 x 0+treatment()+AU(985502001)+IFM(managed)+ORIGIN(planted)+SILV_STATE(cc_pl)+RETENTION(0.06575112932525)
194,1.0 x 0+treatment()+AU(985502001)+IFM(managed)+ORIGIN(planted)+SILV_STATE(cc_pl_pct)+RETENTION(0.06575112932525)
195,1.0 x 0+treatment()+AU(985503000)+IFM(unmanaged)+ORIGIN(planted)+SILV_STATE(cc_pl)+RETENTION(0.061851991723474)
196,1.0 x 0+treatment()+AU(985503000)+IFM(managed)+ORIGIN(planted)+SILV_STATE(cc_pl)+RETENTION(0.061851991723474)
197,1.0 x 0+treatment()+AU(985503000)+IFM(managed)+ORIGIN(planted)+SILV_STATE(cc_pl_pct)+RETENTION(0.061851991723474)
198,1.0 x 0+treatment()+AU(985502002)+IFM(unmanaged)+ORIGIN(natural)+SILV_STATE(baseline)+RETENTION(0.474136880122253)
199,1.0 x 0+treatment()+AU(985502002)+IFM(managed)+ORIGIN(natural)+SILV_STATE(baseline)+RETENTION(0.474136880122253)
200,1.0 x 0+treatment()+AU(985502002)+IFM(managed)+ORIGIN(planted)+SILV_STATE(cc_pl)+RETENTION(0.474136880122253)
201,1.0 x 0+treatment()+AU(985502004)+IFM(unmanaged)+ORIGIN(planted)+SILV_STATE(cc_pl)+RETENTION(0.95223817062328)
202,1.0 x 0+treatment()+AU(985502004)+IFM(managed)+ORIGIN(planted)+SILV_STATE(cc_pl)+RETENTION(0.95223817062328)
203,1.0 x 0+treatment()+AU(985502002)+IFM(unmanaged)+ORIGIN(natural)+SILV_STATE(baseline)+RETENTION(0.074049720517391)
204,1.0 x 0+treatment()+AU(985502002)+IFM(managed)+ORIGIN(natural)+SILV_STATE(baseline)+RETENTION(0.074049720517391)
205,1.0 x 0+treatment()+AU(985502002)+IFM(managed)+ORIGIN(planted)+SILV_STATE(cc_pl)+RETENTION(0.074049720517391)
206,1.0 x 0+treatment()+AU(985502002)+IFM(unmanaged)+ORIGIN(natural)+SILV_STATE(baseline)+RETENTION(0.113981880538565)
207,1.0 x 0+treatment()+AU(985502002)+IFM(managed)+ORIGIN(natural)+SILV_STATE(baseline)+RETENTION(0.113981880538565)
208,1.0 x 0+treatment()+AU(985502002)+IFM(managed)+ORIGIN(planted)+SILV_STATE(cc_pl)+RETENTION(0.113981880538565)
209,1.0 x 0+treatment()+AU(985503000)+IFM(unmanaged)+ORIGIN(planted)+SILV_STATE(cc_pl)+RETENTION(0.096416322326649)
210,1.0 x 0+treatment()+AU(985503000)+IFM(managed)+ORIGIN(planted)+SILV_STATE(cc_pl)+RETENTION(0.096416322326649)
211,1.0 x 0+treatment()+AU(985503000)+IFM(managed)+ORIGIN(planted)+SILV_STATE(cc_pl_pct)+RETENTION(0.096416322326649)
212,1.0 x 0+treatment()+AU(985503000)+IFM(unmanaged)+ORIGIN(natural)+SILV_STATE(baseline)+RETENTION(0.626943615641167)
213,1.0 x 0+treatment()+AU(985503000)+IFM(managed)+ORIGIN(natural)+SILV_STATE(baseline)+RETENTION(0.626943615641167)
214,1.0 x 0+treatment()+AU(985503000)+IFM(managed)+ORIGIN(planted)+SILV_STATE(cc_pl)+RETENTION(0.626943615641167)
215,1.0 x 0+treatment()+AU(985503000)+IFM(managed)+ORIGIN(planted)+SILV_STATE(cc_pl_pct)+RETENTION(0.626943615641167)
216,1.0 x 0+treatment()+AU(985502002)+IFM(unmanaged)+ORIGIN(natural)+SILV_STATE(baseline)+RETENTION(0.987568989668142)
217,1.0 x 0+treatment()+AU(985502002)+IFM(managed)+ORIGIN(natural)+SILV_STATE(baseline)+RETENTION(0.987568989668142)
218,1.0 x 0+treatment()+AU(985502002)+IFM(managed)+ORIGIN(planted)+SILV_STATE(cc_pl)+RETENTION(0.987568989668142)
219,1.0 x 0+treatment()+AU(985501000)+IFM(unmanaged)+ORIGIN(planted)+SILV_STATE(cc_pl)+RETENTION(0.823735930413721)
220,1.0 x 0+treatment()+AU(985501000)+IFM(managed)+ORIGIN(planted)+SILV_STATE(cc_pl)+RETENTION(0.823735930413721)
221,1.0 x 0+treatment()+AU(985503001)+IFM(unmanaged)+ORIGIN(planted)+SILV_STATE(cc_pl)+RETENTION(0.213902971760097)
222,1.0 x 0+treatment()+AU(985503001)+IFM(managed)+ORIGIN(planted)+SILV_STATE(cc_pl)+RETENTION(0.213902971760097)
223,1.0 x 0+treatment()+AU(985503001)+IFM(managed)+ORIGIN(planted)+SILV_STATE(cc_pl_pct)+RETENTION(0.213902971760097)
224,1.0 x 0+treatment()+AU(985502003)+IFM(unmanaged)+ORIGIN(natural)+SILV_STATE(baseline)+RETENTION(0.40433584798055)
225,1.0 x 0+treatment()+AU(985502003)+IFM(managed)+ORIGIN(natural)+SILV_STATE(baseline)+RETENTION(0.40433584798055)
226,1.0 x 0+treatment()+AU(985502003)+IFM(managed)+ORIGIN(planted)+SILV_STATE(cc_pl)+RETENTION(0.40433584798055)
227,1.0 x 0+treatment()+AU(985501003)+IFM(unmanaged)+ORIGIN(natural)+SILV_STATE(baseline)+RETENTION(0.97198829866294)
228,1.0 x 0+treatment()+AU(985501003)+IFM(managed)+ORIGIN(natural)+SILV_STATE(baseline)+RETENTION(0.97198829866294)
229,1.0 x 0+treatment()+AU(985501003)+IFM(managed)+ORIGIN(planted)+SILV_STATE(cc_pl)+RETENTION(0.97198829866294)
230,1.0 x 0+treatment()+AU(985502002)+IFM(unmanaged)+ORIGIN(natural)+SILV_STATE(baseline)+RETENTION(0.958070839841107)
231,1.0 x 0+treatment()+AU(985502002)+IFM(managed)+ORIGIN(natural)+SILV_STATE(baseline)+RETENTION(0.958070839841107)
232,1.0 x 0+treatment()+AU(985502002)+IFM(managed)+ORIGIN(planted)+SILV_STATE(cc_pl)+RETENTION(0.958070839841107)
233,1.0 x 0+treatment()+AU(985503000)+IFM(unmanaged)+ORIGIN(planted)+SILV_STATE(cc_pl)+RETENTION(0.26189834184947)
234,1.0 x 0+treatment()+AU(985503000)+IFM(managed)+ORIGIN(planted)+SILV_STATE(cc_pl)+RETENTION(0.26189834184947)
235,1.0 x 0+treatment()+AU(985503000)+IFM(managed)+ORIGIN(planted)+SILV_STATE(cc_pl_pct)+RETENTION(0.26189834184947)
236,1.0 x 0+treatment()+AU(985502001)+IFM(unmanaged)+ORIGIN(planted)+SILV_STATE(cc_pl)+RETENTION(0.05556909723678)
237,1.0 x 0+treatment()+AU(985502001)+IFM(managed)+ORIGIN(planted)+SILV_STATE(cc_pl)+RETENTION(0.05556909723678)
238,1.0 x 0+treatment()+AU(985502001)+IFM(managed)+ORIGIN(planted)+SILV_STATE(cc_pl_pct)+RETENTION(0.05556909723678)
239,1.0 x 0+treatment()+AU(985502004)+IFM(unmanaged)+ORIGIN(planted)+SILV_STATE(cc_pl)+RETENTION(0.814506031730542)
240,1.0 x 0+treatment()+AU(985502004)+IFM(managed)+ORIGIN(planted)+SILV_STATE(cc_pl)+RETENTION(0.814506031730542)
241,1.0 x 0+treatment()+AU(985503003)+IFM(unmanaged)+ORIGIN(natural)+SILV_STATE(baseline)+RETENTION(0.889519476750209)
242,1.0 x 0+treatment()+AU(985503003)+IFM(managed)+ORIGIN(natural)+SILV_STATE(baseline)+RETENTION(0.889519476750209)
243,1.0 x 0+treatment()+AU(985503003)+IFM(managed)+ORIGIN(planted)+SILV_STATE(cc_pl)+RETENTION(0.889519476750209)
244,1.0 x 0+treatment()+AU(985503000)+IFM(unmanaged)+ORIGIN(planted)+SILV_STATE(cc_pl)+RETENTION(0.93709462965681)
245,1.0 x 0+treatment()+AU(985503000)+IFM(managed)+ORIGIN(planted)+SILV_STATE(cc_pl)+RETENTION(0.93709462965681)
246,1.0 x 0+treatment()+AU(985503000)+IFM(managed)+ORIGIN(planted)+SILV_STATE(cc_pl_pct)+RETENTION(0.93709462965681)
247,1.0 x 0+treatment()+AU(985502002)+IFM(unmanaged)+ORIGIN(natural)+SILV_STATE(baseline)+RETENTION(0.833220659203225)
248,1.0 x 0+treatment()+AU(985502002)+IFM(managed)+ORIGIN(natural)+SILV_STATE(baseline)+RETENTION(0.833220659203225)
249,1.0 x 0+treatment()+AU(985502002)+IFM(managed)+ORIGIN(planted)+SILV_STATE(cc_pl)+RETENTION(0.833220659203225)
250,1.0 x 0+treatment()+AU(985503003)+IFM(unmanaged)+ORIGIN(planted)+SILV_STATE(cc_pl)+RETENTION(0.074853502067722)
251,1.0 x 0+treatment()+AU(985503003)+IFM(managed)+ORIGIN(planted)+SILV_STATE(cc_pl)+RETENTION(0.074853502067722)
252,1.0 x 0+treatment()+AU(985503001)+IFM(unmanaged)+ORIGIN(planted)+SILV_STATE(cc_pl)+RETENTION(0.145641414152893)
253,1.0 x 0+treatment()+AU(985503001)+IFM(managed)+ORIGIN(planted)+SILV_STATE(cc_pl)+RETENTION(0.145641414152893)
254,1.0 x 0+treatment()+AU(985503001)+IFM(managed)+ORIGIN(planted)+SILV_STATE(cc_pl_pct)+RETENTION(0.145641414152893)
255,1.0 x 0+treatment()+AU(985503000)+IFM(unmanaged)+ORIGIN(planted)+SILV_STATE(cc_pl)+RETENTION(0.552578091945028)
256,1.0 x 0+treatment()+AU(985503000)+IFM(managed)+ORIGIN(planted)+SILV_STATE(cc_pl)+RETENTION(0.552578091945028)
257,1.0 x 0+treatment()+AU(985503000)+IFM(managed)+ORIGIN(planted)+SILV_STATE(cc_pl_pct)+RETENTION(0.552578091945028)
258,1.0 x 0+treatment()+AU(985501001)+IFM(unmanaged)+ORIGIN(natural)+SILV_STATE(baseline)+RETENTION(0.139867799223279)
259,1.0 x 0+treatment()+AU(985501001)+IFM(managed)+ORIGIN(natural)+SILV_STATE(baseline)+RETENTION(0.139867799223279)
260,1.0 x 0+treatment()+AU(985501001)+IFM(managed)+ORIGIN(planted)+SILV_STATE(cc_pl)+RETENTION(0.139867799223279)
261,1.0 x 0+treatment()+AU(985503000)+IFM(unmanaged)+ORIGIN(natural)+SILV_STATE(baseline)+RETENTION(0.277645200267257)
262,1.0 x 0+treatment()+AU(985503000)+IFM(managed)+ORIGIN(natural)+SILV_STATE(baseline)+RETENTION(0.277645200267257)
263,1.0 x 0+treatment()+AU(985503000)+IFM(managed)+ORIGIN(planted)+SILV_STATE(cc_pl)+RETENTION(0.277645200267257)
264,1.0 x 0+treatment()+AU(985503000)+IFM(managed)+ORIGIN(planted)+SILV_STATE(cc_pl_pct)+RETENTION(0.277645200267257)
265,1.0 x 0+treatment()+AU(985502004)+IFM(unmanaged)+ORIGIN(planted)+SILV_STATE(cc_pl)+RETENTION(0.910156678856605)
266,1.0 x 0+treatment()+AU(985502004)+IFM(managed)+ORIGIN(planted)+SILV_STATE(cc_pl)+RETENTION(0.910156678856605)
267,1.0 x 0+treatment()+AU(985503001)+IFM(unmanaged)+ORIGIN(planted)+SILV_STATE(cc_pl)+RETENTION(0.580686326025344)
268,1.0 x 0+treatment()+AU(985503001)+IFM(managed)+ORIGIN(planted)+SILV_STATE(cc_pl)+RETENTION(0.580686326025344)
269,1.0 x 0+treatment()+AU(985503001)+IFM(managed)+ORIGIN(planted)+SILV_STATE(cc_pl_pct)+RETENTION(0.580686326025344)
270,1.0 x 0+treatment()+AU(985503000)+IFM(unmanaged)+ORIGIN(planted)+SILV_STATE(cc_pl)+RETENTION(0.250892912623046)
271,1.0 x 0+treatment()+AU(985503000)+IFM(managed)+ORIGIN(planted)+SILV_STATE(cc_pl)+RETENTION(0.250892912623046)
272,1.0 x 0+treatment()+AU(985503000)+IFM(managed)+ORIGIN(planted)+SILV_STATE(cc_pl_pct)+RETENTION(0.250892912623046)
273,1.0 x 0+treatment()+AU(985502003)+IFM(unmanaged)+ORIGIN(planted)+SILV_STATE(cc_pl)+RETENTION(0.71911042280004)
274,1.0 x 0+treatment()+AU(985502003)+IFM(managed)+ORIGIN(planted)+SILV_STATE(cc_pl)+RETENTION(0.71911042280004)
275,1.0 x 0+treatment()+AU(985502001)+IFM(unmanaged)+ORIGIN(planted)+SILV_STATE(cc_pl)+RETENTION(0.131841855314046)
276,1.0 x 0+treatment()+AU(985502001)+IFM(managed)+ORIGIN(planted)+SILV_STATE(cc_pl)+RETENTION(0.131841855314046)
277,1.0 x 0+treatment()+AU(985502001)+IFM(managed)+ORIGIN(planted)+SILV_STATE(cc_pl_pct)+RETENTION(0.131841855314046)
278,1.0 x 0+treatment()+AU(985502004)+IFM(unmanaged)+ORIGIN(planted)+SILV_STATE(cc_pl)+RETENTION(0.270071273103092)
279,1.0 x 0+treatment()+AU(985502004)+IFM(managed)+ORIGIN(planted)+SILV_STATE(cc_pl)+RETENTION(0.270071273103092)
280,1.0 x 0+treatment()+AU(985502002)+IFM(unmanaged)+ORIGIN(natural)+SILV_STATE(baseline)+RETENTION(0.123776750335709)
281,1.0 x 0+treatment()+AU(985502002)+IFM(managed)+ORIGIN(natural)+SILV_STATE(baseline)+RETENTION(0.123776750335709)
282,1.0 x 0+treatment()+AU(985502002)+IFM(managed)+ORIGIN(planted)+SILV_STATE(cc_pl)+RETENTION(0.123776750335709)
283,1.0 x 0+treatment()+AU(985503003)+IFM(unmanaged)+ORIGIN(natural)+SILV_STATE(baseline)+RETENTION(0.124528461922935)
284,1.0 x 0+treatment()+AU(985503003)+IFM(managed)+ORIGIN(natural)+SILV_STATE(baseline)+RETENTION(0.124528461922935)
285,1.0 x 0+treatment()+AU(985503003)+IFM(managed)+ORIGIN(planted)+SILV_STATE(cc_pl)+RETENTION(0.124528461922935)
286,1.0 x 0+treatment()+AU(985502004)+IFM(unmanaged)+ORIGIN(planted)+SILV_STATE(cc_pl)+RETENTION(0.724950019390955)
287,1.0 x 0+treatment()+AU(985502004)+IFM(managed)+ORIGIN(planted)+SILV_STATE(cc_pl)+RETENTION(0.724950019390955)
288,1.0 x 0+treatment()+AU(985501000)+IFM(unmanaged)+ORIGIN(natural)+SILV_STATE(baseline)+RETENTION(0.150508468011859)
289,1.0 x 0+treatment()+AU(985501000)+IFM(managed)+ORIGIN(natural)+SILV_STATE(baseline)+RETENTION(0.150508468011859)
290,1.0 x 0+treatment()+AU(985501000)+IFM(managed)+ORIGIN(planted)+SILV_STATE(cc_pl)+RETENTION(0.150508468011859)
291,1.0 x 0+treatment()+AU(985502005)+IFM(unmanaged)+ORIGIN(natural)+SILV_STATE(baseline)+RETENTION(0.491601340455425)
292,1.0 x 0+treatment()+AU(985502005)+IFM(managed)+ORIGIN(natural)+SILV_STATE(baseline)+RETENTION(0.491601340455425)
293,1.0 x 0+treatment()+AU(985502005)+IFM(managed)+ORIGIN(planted)+SILV_STATE(cc_pl)+RETENTION(0.491601340455425)
294,1.0 x 0+treatment()+AU(985503003)+IFM(unmanaged)+ORIGIN(natural)+SILV_STATE(baseline)+RETENTION(0.319924069436522)
295,1.0 x 0+treatment()+AU(985503003)+IFM(managed)+ORIGIN(natural)+SILV_STATE(baseline)+RETENTION(0.319924069436522)
296,1.0 x 0+treatment()+AU(985503003)+IFM(managed)+ORIGIN(planted)+SILV_STATE(cc_pl)+RETENTION(0.319924069436522)
297,1.0 x 0+treatment()+AU(985502008)+IFM(unmanaged)+ORIGIN(natural)+SILV_STATE(baseline)+RETENTION(0.99)
298,1.0 x 0+treatment()+AU(985502008)+IFM(managed)+ORIGIN(natural)+SILV_STATE(baseline)+RETENTION(0.99)
299,1.0 x 0+treatment()+AU(985502008)+IFM(managed)+ORIGIN(planted)+SILV_STATE(cc_pl)+RETENTION(0.99)
300,1.0 x 0+treatment()+AU(985501003)+IFM(unmanaged)+ORIGIN(natural)+SILV_STATE(baseline)+RETENTION(0.974680040500823)
301,1.0 x 0+treatment()+AU(985501003)+IFM(managed)+ORIGIN(natural)+SILV_STATE(baseline)+RETENTION(0.974680040500823)
302,1.0 x 0+treatment()+AU(985501003)+IFM(managed)+ORIGIN(planted)+SILV_STATE(cc_pl)+RETENTION(0.974680040500823)
303,1.0 x 0+treatment()+AU(985502007)+IFM(unmanaged)+ORIGIN(natural)+SILV_STATE(baseline)+RETENTION(0.074567938243765)
304,1.0 x 0+treatment()+AU(985502007)+IFM(managed)+ORIGIN(natural)+SILV_STATE(baseline)+RETENTION(0.074567938243765)
305,1.0 x 0+treatment()+AU(985502007)+IFM(managed)+ORIGIN(planted)+SILV_STATE(cc_pl)+RETENTION(0.074567938243765)
306,1.0 x 0+treatment()+AU(985502007)+IFM(unmanaged)+ORIGIN(natural)+SILV_STATE(baseline)+RETENTION(0.253683554734833)
307,1.0 x 0+treatment()+AU(985502007)+IFM(managed)+ORIGIN(natural)+SILV_STATE(baseline)+RETENTION(0.253683554734833)
308,1.0 x 0+treatment()+AU(985502007)+IFM(managed)+ORIGIN(planted)+SILV_STATE(cc_pl)+RETENTION(0.253683554734833)
309,1.0 x 0+treatment()+AU(985503001)+IFM(unmanaged)+ORIGIN(planted)+SILV_STATE(cc_pl)+RETENTION(0.104590119656229)
310,1.0 x 0+treatment()+AU(985503001)+IFM(managed)+ORIGIN(planted)+SILV_STATE(cc_pl)+RETENTION(0.104590119656229)
311,1.0 x 0+treatment()+AU(985503001)+IFM(managed)+ORIGIN(planted)+SILV_STATE(cc_pl_pct)+RETENTION(0.104590119656229)
312,1.0 x 0+treatment()+AU(985501000)+IFM(unmanaged)+ORIGIN(planted)+SILV_STATE(cc_pl)+RETENTION(0.823585146192725)
313,1.0 x 0+treatment()+AU(985501000)+IFM(managed)+ORIGIN(planted)+SILV_STATE(cc_pl)+RETENTION(0.823585146192725)
314,1.0 x 0+treatment()+AU(985501000)+IFM(unmanaged)+ORIGIN(natural)+SILV_STATE(baseline)+RETENTION(0.112373976401362)
315,1.0 x 0+treatment()+AU(985501000)+IFM(managed)+ORIGIN(natural)+SILV_STATE(baseline)+RETENTION(0.112373976401362)
316,1.0 x 0+treatment()+AU(985501000)+IFM(managed)+ORIGIN(planted)+SILV_STATE(cc_pl)+RETENTION(0.112373976401362)
317,1.0 x 0+treatment()+AU(985501001)+IFM(unmanaged)+ORIGIN(natural)+SILV_STATE(baseline)+RETENTION(0.224379590162332)
318,1.0 x 0+treatment()+AU(985501001)+IFM(managed)+ORIGIN(natural)+SILV_STATE(baseline)+RETENTION(0.224379590162332)
319,1.0 x 0+treatment()+AU(985501001)+IFM(managed)+ORIGIN(planted)+SILV_STATE(cc_pl)+RETENTION(0.224379590162332)
320,1.0 x 0+treatment()+AU(985503000)+IFM(unmanaged)+ORIGIN(natural)+SILV_STATE(baseline)+RETENTION(0.133500197448917)
321,1.0 x 0+treatment()+AU(985503000)+IFM(managed)+ORIGIN(natural)+SILV_STATE(baseline)+RETENTION(0.133500197448917)
322,1.0 x 0+treatment()+AU(985503000)+IFM(managed)+ORIGIN(planted)+SILV_STATE(cc_pl)+RETENTION(0.133500197448917)
323,1.0 x 0+treatment()+AU(985503000)+IFM(managed)+ORIGIN(planted)+SILV_STATE(cc_pl_pct)+RETENTION(0.133500197448917)
324,1.0 x 0+treatment()+AU(985502005)+IFM(unmanaged)+ORIGIN(planted)+SILV_STATE(cc_pl)+RETENTION(0.05)
325,1.0 x 0+treatment()+AU(985502005)+IFM(managed)+ORIGIN(planted)+SILV_STATE(cc_pl)+RETENTION(0.05)
326,1.0 x 0+treatment()+AU(985503000)+IFM(unmanaged)+ORIGIN(natural)+SILV_STATE(baseline)+RETENTION(0.062144409433236)
327,1.0 x 0+treatment()+AU(985503000)+IFM(managed)+ORIGIN(natural)+SILV_STATE(baseline)+RETENTION(0.062144409433236)
328,1.0 x 0+treatment()+AU(985503000)+IFM(managed)+ORIGIN(planted)+SILV_STATE(cc_pl)+RETENTION(0.062144409433236)
329,1.0 x 0+treatment()+AU(985503000)+IFM(managed)+ORIGIN(planted)+SILV_STATE(cc_pl_pct)+RETENTION(0.062144409433236)
330,1.0 x 0+treatment()+AU(985501003)+IFM(unmanaged)+ORIGIN(natural)+SILV_STATE(baseline)+RETENTION(0.942365979313809)
331,1.0 x 0+treatment()+AU(985501003)+IFM(managed)+ORIGIN(natural)+SILV_STATE(baseline)+RETENTION(0.942365979313809)
332,1.0 x 0+treatment()+AU(985501003)+IFM(managed)+ORIGIN(planted)+SILV_STATE(cc_pl)+RETENTION(0.942365979313809)
333,1.0 x 0+treatment()+AU(985501003)+IFM(unmanaged)+ORIGIN(natural)+SILV_STATE(baseline)+RETENTION(0.057256291664016)
334,1.0 x 0+treatment()+AU(985501003)+IFM(managed)+ORIGIN(natural)+SILV_STATE(baseline)+RETENTION(0.057256291664016)
335,1.0 x 0+treatment()+AU(985501003)+IFM(managed)+ORIGIN(planted)+SILV_STATE(cc_pl)+RETENTION(0.057256291664016)
336,1.0 x 0+treatment()+AU(985502003)+IFM(unmanaged)+ORIGIN(natural)+SILV_STATE(baseline)+RETENTION(0.336828045947211)
337,1.0 x 0+treatment()+AU(985502003)+IFM(managed)+ORIGIN(natural)+SILV_STATE(baseline)+RETENTION(0.336828045947211)
338,1.0 x 0+treatment()+AU(985502003)+IFM(managed)+ORIGIN(planted)+SILV_STATE(cc_pl)+RETENTION(0.336828045947211)
339,1.0 x 0+treatment()+AU(985502002)+IFM(unmanaged)+ORIGIN(natural)+SILV_STATE(baseline)+RETENTION(0.1402438272575)
340,1.0 x 0+treatment()+AU(985502002)+IFM(managed)+ORIGIN(natural)+SILV_STATE(baseline)+RETENTION(0.1402438272575)
341,1.0 x 0+treatment()+AU(985502002)+IFM(managed)+ORIGIN(planted)+SILV_STATE(cc_pl)+RETENTION(0.1402438272575)
342,1.0 x 0+treatment()+AU(985503003)+IFM(unmanaged)+ORIGIN(natural)+SILV_STATE(baseline)+RETENTION(0.368095302163842)
343,1.0 x 0+treatment()+AU(985503003)+IFM(managed)+ORIGIN(natural)+SILV_STATE(baseline)+RETENTION(0.368095302163842)
344,1.0 x 0+treatment()+AU(985503003)+IFM(managed)+ORIGIN(planted)+SILV_STATE(cc_pl)+RETENTION(0.368095302163842)
345,1.0 x 0+treatment()+AU(985501000)+IFM(unmanaged)+ORIGIN(planted)+SILV_STATE(cc_pl)+RETENTION(0.170118769081844)
346,1.0 x 0+treatment()+AU(985501000)+IFM(managed)+ORIGIN(planted)+SILV_STATE(cc_pl)+RETENTION(0.170118769081844)
347,1.0 x 0+treatment()+AU(985502004)+IFM(unmanaged)+ORIGIN(planted)+SILV_STATE(cc_pl)+RETENTION(0.05)
348,1.0 x 0+treatment()+AU(985502004)+IFM(managed)+ORIGIN(planted)+SILV_STATE(cc_pl)+RETENTION(0.05)
349,1.0 x 0+treatment()+AU(985501000)+IFM(unmanaged)+ORIGIN(natural)+SILV_STATE(baseline)+RETENTION(0.673439676627074)
350,1.0 x 0+treatment()+AU(985501000)+IFM(managed)+ORIGIN(natural)+SILV_STATE(baseline)+RETENTION(0.673439676627074)
351,1.0 x 0+treatment()+AU(985501000)+IFM(managed)+ORIGIN(planted)+SILV_STATE(cc_pl)+RETENTION(0.673439676627074)
352,1.0 x 0+treatment()+AU(985503000)+IFM(unmanaged)+ORIGIN(planted)+SILV_STATE(cc_pl)+RETENTION(0.149639486788975)
353,1.0 x 0+treatment()+AU(985503000)+IFM(managed)+ORIGIN(planted)+SILV_STATE(cc_pl)+RETENTION(0.149639486788975)
354,1.0 x 0+treatment()+AU(985503000)+IFM(managed)+ORIGIN(planted)+SILV_STATE(cc_pl_pct)+RETENTION(0.149639486788975)
355,1.0 x 0+treatment()+AU(985503000)+IFM(unmanaged)+ORIGIN(planted)+SILV_STATE(cc_pl)+RETENTION(0.105908759200664)
356,1.0 x 0+treatment()+AU(985503000)+IFM(managed)+ORIGIN(planted)+SILV_STATE(cc_pl)+RETENTION(0.105908759200664)
357,1.0 x 0+treatment()+AU(985503000)+IFM(managed)+ORIGIN(planted)+SILV_STATE(cc_pl_pct)+RETENTION(0.105908759200664)
358,1.0 x 0+treatment()+AU(985501000)+IFM(unmanaged)+ORIGIN(natural)+SILV_STATE(baseline)+RETENTION(0.379343632490618)
359,1.0 x 0+treatment()+AU(985501000)+IFM(managed)+ORIGIN(natural)+SILV_STATE(baseline)+RETENTION(0.379343632490618)
360,1.0 x 0+treatment()+AU(985501000)+IFM(managed)+ORIGIN(planted)+SILV_STATE(cc_pl)+RETENTION(0.379343632490618)
361,1.0 x 0+treatment()+AU(985502001)+IFM(unmanaged)+ORIGIN(planted)+SILV_STATE(cc_pl)+RETENTION(0.057651883669773)
362,1.0 x 0+treatment()+AU(985502001)+IFM(managed)+ORIGIN(planted)+SILV_STATE(cc_pl)+RETENTION(0.057651883669773)
363,1.0 x 0+treatment()+AU(985502001)+IFM(managed)+ORIGIN(planted)+SILV_STATE(cc_pl_pct)+RETENTION(0.057651883669773)
364,1.0 x 0+treatment()+AU(985502005)+IFM(unmanaged)+ORIGIN(planted)+SILV_STATE(cc_pl)+RETENTION(0.919010111088934)
365,1.0 x 0+treatment()+AU(985502005)+IFM(managed)+ORIGIN(planted)+SILV_STATE(cc_pl)+RETENTION(0.919010111088934)
366,1.0 x 0+treatment()+AU(985502001)+IFM(unmanaged)+ORIGIN(planted)+SILV_STATE(cc_pl)+RETENTION(0.187377116144825)
367,1.0 x 0+treatment()+AU(985502001)+IFM(managed)+ORIGIN(planted)+SILV_STATE(cc_pl)+RETENTION(0.187377116144825)
368,1.0 x 0+treatment()+AU(985502001)+IFM(managed)+ORIGIN(planted)+SILV_STATE(cc_pl_pct)+RETENTION(0.187377116144825)
369,1.0 x 0+treatment()+AU(985503000)+IFM(unmanaged)+ORIGIN(planted)+SILV_STATE(cc_pl)+RETENTION(0.068799556993071)
370,1.0 x 0+treatment()+AU(985503000)+IFM(managed)+ORIGIN(planted)+SILV_STATE(cc_pl)+RETENTION(0.068799556993071)
371,1.0 x 0+treatment()+AU(985503000)+IFM(managed)+ORIGIN(planted)+SILV_STATE(cc_pl_pct)+RETENTION(0.068799556993071)
372,1.0 x 0+treatment()+AU(985503000)+IFM(unmanaged)+ORIGIN(planted)+SILV_STATE(cc_pl)+RETENTION(0.242135955684341)
373,1.0 x 0+treatment()+AU(985503000)+IFM(managed)+ORIGIN(planted)+SILV_STATE(cc_pl)+RETENTION(0.242135955684341)
374,1.0 x 0+treatment()+AU(985503000)+IFM(managed)+ORIGIN(planted)+SILV_STATE(cc_pl_pct)+RETENTION(0.242135955684341)
375,1.0 x 0+treatment()+AU(985502002)+IFM(unmanaged)+ORIGIN(natural)+SILV_STATE(baseline)+RETENTION(0.966137599012892)
376,1.0 x 0+treatment()+AU(985502002)+IFM(managed)+ORIGIN(natural)+SILV_STATE(baseline)+RETENTION(0.966137599012892)
377,1.0 x 0+treatment()+AU(985502002)+IFM(managed)+ORIGIN(planted)+SILV_STATE(cc_pl)+RETENTION(0.966137599012892)
378,1.0 x 0+treatment()+AU(985503001)+IFM(unmanaged)+ORIGIN(natural)+SILV_STATE(baseline)+RETENTION(0.05)
379,1.0 x 0+treatment()+AU(985503001)+IFM(managed)+ORIGIN(natural)+SILV_STATE(baseline)+RETENTION(0.05)
380,1.0 x 0+treatment()+AU(985503000)+IFM(unmanaged)+ORIGIN(natural)+SILV_STATE(baseline)+RETENTION(0.235224524453276)
381,1.0 x 0+treatment()+AU(985503000)+IFM(managed)+ORIGIN(natural)+SILV_STATE(baseline)+RETENTION(0.235224524453276)
382,1.0 x 0+treatment()+AU(985503000)+IFM(managed)+ORIGIN(planted)+SILV_STATE(cc_pl)+RETENTION(0.235224524453276)
383,1.0 x 0+treatment()+AU(985503000)+IFM(managed)+ORIGIN(planted)+SILV_STATE(cc_pl_pct)+RETENTION(0.235224524453276)
384,1.0 x 0+treatment()+AU(985501001)+IFM(unmanaged)+ORIGIN(planted)+SILV_STATE(cc_pl)+RETENTION(0.891943738745625)
385,1.0 x 0+treatment()+AU(985501001)+IFM(managed)+ORIGIN(planted)+SILV_STATE(cc_pl)+RETENTION(0.891943738745625)
386,1.0 x 0+treatment()+AU(985503001)+IFM(unmanaged)+ORIGIN(planted)+SILV_STATE(cc_pl)+RETENTION(0.422112307729351)
387,1.0 x 0+treatment()+AU(985503001)+IFM(managed)+ORIGIN(planted)+SILV_STATE(cc_pl)+RETENTION(0.422112307729351)
388,1.0 x 0+treatment()+AU(985503001)+IFM(managed)+ORIGIN(planted)+SILV_STATE(cc_pl_pct)+RETENTION(0.422112307729351)
389,1.0 x 0+treatment()+AU(985501000)+IFM(unmanaged)+ORIGIN(planted)+SILV_STATE(cc_pl)+RETENTION(0.10631719740532)
390,1.0 x 0+treatment()+AU(985501000)+IFM(managed)+ORIGIN(planted)+SILV_STATE(cc_pl)+RETENTION(0.10631719740532)
391,1.0 x 0+treatment()+AU(985502003)+IFM(unmanaged)+ORIGIN(natural)+SILV_STATE(baseline)+RETENTION(0.428111323975925)
392,1.0 x 0+treatment()+AU(985502003)+IFM(managed)+ORIGIN(natural)+SILV_STATE(baseline)+RETENTION(0.428111323975925)
393,1.0 x 0+treatment()+AU(985502003)+IFM(managed)+ORIGIN(planted)+SILV_STATE(cc_pl)+RETENTION(0.428111323975925)
394,1.0 x 0+treatment()+AU(985503003)+IFM(unmanaged)+ORIGIN(natural)+SILV_STATE(baseline)+RETENTION(0.123329995068048)
395,1.0 x 0+treatment()+AU(985503003)+IFM(managed)+ORIGIN(natural)+SILV_STATE(baseline)+RETENTION(0.123329995068048)
396,1.0 x 0+treatment()+AU(985503003)+IFM(managed)+ORIGIN(planted)+SILV_STATE(cc_pl)+RETENTION(0.123329995068048)
397,1.0 x 0+treatment()+AU(985502001)+IFM(unmanaged)+ORIGIN(natural)+SILV_STATE(baseline)+RETENTION(0.61531602437613)
398,1.0 x 0+treatment()+AU(985502001)+IFM(managed)+ORIGIN(natural)+SILV_STATE(baseline)+RETENTION(0.61531602437613)
399,1.0 x 0+treatment()+AU(985502001)+IFM(managed)+ORIGIN(planted)+SILV_STATE(cc_pl)+RETENTION(0.61531602437613)
400,1.0 x 0+treatment()+AU(985502001)+IFM(managed)+ORIGIN(planted)+SILV_STATE(cc_pl_pct)+RETENTION(0.61531602437613)
401,1.0 x 0+treatment()+AU(985503000)+IFM(unmanaged)+ORIGIN(planted)+SILV_STATE(cc_pl)+RETENTION(0.14122368053025)
402,1.0 x 0+treatment()+AU(985503000)+IFM(managed)+ORIGIN(planted)+SILV_STATE(cc_pl)+RETENTION(0.14122368053025)
403,1.0 x 0+treatment()+AU(985503000)+IFM(managed)+ORIGIN(planted)+SILV_STATE(cc_pl_pct)+RETENTION(0.14122368053025)
=======
1,1.0 x 0+treatment()+AU(985502004)+IFM(unmanaged)+ORIGIN(planted)+SILV_STATE(cc_pl)+RETENTION(0.283129300487711)
2,1.0 x 0+treatment()+AU(985502004)+IFM(managed)+ORIGIN(planted)+SILV_STATE(cc_pl)+RETENTION(0.283129300487711)
3,1.0 x 0+treatment()+AU(985503001)+IFM(unmanaged)+ORIGIN(planted)+SILV_STATE(cc_pl)+RETENTION(0.039019789881704)
4,1.0 x 0+treatment()+AU(985503001)+IFM(managed)+ORIGIN(planted)+SILV_STATE(cc_pl)+RETENTION(0.039019789881704)
5,1.0 x 0+treatment()+AU(985503001)+IFM(managed)+ORIGIN(planted)+SILV_STATE(cc_pl_pct)+RETENTION(0.039019789881704)
6,1.0 x 0+treatment()+AU(985502003)+IFM(unmanaged)+ORIGIN(planted)+SILV_STATE(cc_pl)+RETENTION(0.512408452505879)
7,1.0 x 0+treatment()+AU(985502003)+IFM(managed)+ORIGIN(planted)+SILV_STATE(cc_pl)+RETENTION(0.512408452505879)
8,1.0 x 0+treatment()+AU(985503000)+IFM(unmanaged)+ORIGIN(planted)+SILV_STATE(cc_pl)+RETENTION(0.035)
9,1.0 x 0+treatment()+AU(985503000)+IFM(managed)+ORIGIN(planted)+SILV_STATE(cc_pl)+RETENTION(0.035)
10,1.0 x 0+treatment()+AU(985503000)+IFM(managed)+ORIGIN(planted)+SILV_STATE(cc_pl_pct)+RETENTION(0.035)
11,1.0 x 0+treatment()+AU(985502004)+IFM(unmanaged)+ORIGIN(planted)+SILV_STATE(cc_pl)+RETENTION(0.796602216511551)
12,1.0 x 0+treatment()+AU(985502004)+IFM(managed)+ORIGIN(planted)+SILV_STATE(cc_pl)+RETENTION(0.796602216511551)
13,1.0 x 0+treatment()+AU(985501003)+IFM(unmanaged)+ORIGIN(natural)+SILV_STATE(baseline)+RETENTION(0.035)
14,1.0 x 0+treatment()+AU(985501003)+IFM(managed)+ORIGIN(natural)+SILV_STATE(baseline)+RETENTION(0.035)
15,1.0 x 0+treatment()+AU(985501003)+IFM(managed)+ORIGIN(planted)+SILV_STATE(cc_pl)+RETENTION(0.035)
16,1.0 x 0+treatment()+AU(985501001)+IFM(unmanaged)+ORIGIN(planted)+SILV_STATE(cc_pl)+RETENTION(0.116642935971085)
17,1.0 x 0+treatment()+AU(985501001)+IFM(managed)+ORIGIN(planted)+SILV_STATE(cc_pl)+RETENTION(0.116642935971085)
18,1.0 x 0+treatment()+AU(985502002)+IFM(unmanaged)+ORIGIN(natural)+SILV_STATE(baseline)+RETENTION(1.0)
19,1.0 x 0+treatment()+AU(985503000)+IFM(unmanaged)+ORIGIN(planted)+SILV_STATE(cc_pl)+RETENTION(0.357432909692421)
20,1.0 x 0+treatment()+AU(985503000)+IFM(managed)+ORIGIN(planted)+SILV_STATE(cc_pl)+RETENTION(0.357432909692421)
21,1.0 x 0+treatment()+AU(985503000)+IFM(managed)+ORIGIN(planted)+SILV_STATE(cc_pl_pct)+RETENTION(0.357432909692421)
22,1.0 x 0+treatment()+AU(985501000)+IFM(unmanaged)+ORIGIN(planted)+SILV_STATE(cc_pl)+RETENTION(0.035)
23,1.0 x 0+treatment()+AU(985501000)+IFM(managed)+ORIGIN(planted)+SILV_STATE(cc_pl)+RETENTION(0.035)
24,1.0 x 0+treatment()+AU(985502001)+IFM(unmanaged)+ORIGIN(planted)+SILV_STATE(cc_pl)+RETENTION(0.078993153077767)
25,1.0 x 0+treatment()+AU(985502001)+IFM(managed)+ORIGIN(planted)+SILV_STATE(cc_pl)+RETENTION(0.078993153077767)
26,1.0 x 0+treatment()+AU(985502001)+IFM(managed)+ORIGIN(planted)+SILV_STATE(cc_pl_pct)+RETENTION(0.078993153077767)
27,1.0 x 0+treatment()+AU(985503000)+IFM(unmanaged)+ORIGIN(planted)+SILV_STATE(cc_pl)+RETENTION(0.297907188102052)
28,1.0 x 0+treatment()+AU(985503000)+IFM(managed)+ORIGIN(planted)+SILV_STATE(cc_pl)+RETENTION(0.297907188102052)
29,1.0 x 0+treatment()+AU(985503000)+IFM(managed)+ORIGIN(planted)+SILV_STATE(cc_pl_pct)+RETENTION(0.297907188102052)
30,1.0 x 0+treatment()+AU(985502001)+IFM(unmanaged)+ORIGIN(planted)+SILV_STATE(cc_pl)+RETENTION(0.063746865421162)
31,1.0 x 0+treatment()+AU(985502001)+IFM(managed)+ORIGIN(planted)+SILV_STATE(cc_pl)+RETENTION(0.063746865421162)
32,1.0 x 0+treatment()+AU(985502001)+IFM(managed)+ORIGIN(planted)+SILV_STATE(cc_pl_pct)+RETENTION(0.063746865421162)
33,1.0 x 0+treatment()+AU(985503003)+IFM(unmanaged)+ORIGIN(natural)+SILV_STATE(baseline)+RETENTION(0.101176883880507)
34,1.0 x 0+treatment()+AU(985503003)+IFM(managed)+ORIGIN(natural)+SILV_STATE(baseline)+RETENTION(0.101176883880507)
35,1.0 x 0+treatment()+AU(985503003)+IFM(managed)+ORIGIN(planted)+SILV_STATE(cc_pl)+RETENTION(0.101176883880507)
36,1.0 x 0+treatment()+AU(985502002)+IFM(unmanaged)+ORIGIN(natural)+SILV_STATE(baseline)+RETENTION(0.035)
37,1.0 x 0+treatment()+AU(985502002)+IFM(managed)+ORIGIN(natural)+SILV_STATE(baseline)+RETENTION(0.035)
38,1.0 x 0+treatment()+AU(985502002)+IFM(managed)+ORIGIN(planted)+SILV_STATE(cc_pl)+RETENTION(0.035)
39,1.0 x 0+treatment()+AU(985501000)+IFM(unmanaged)+ORIGIN(natural)+SILV_STATE(baseline)+RETENTION(0.294339873260526)
40,1.0 x 0+treatment()+AU(985501000)+IFM(managed)+ORIGIN(natural)+SILV_STATE(baseline)+RETENTION(0.294339873260526)
41,1.0 x 0+treatment()+AU(985501000)+IFM(managed)+ORIGIN(planted)+SILV_STATE(cc_pl)+RETENTION(0.294339873260526)
42,1.0 x 0+treatment()+AU(985502003)+IFM(unmanaged)+ORIGIN(natural)+SILV_STATE(baseline)+RETENTION(0.670257292405503)
43,1.0 x 0+treatment()+AU(985502003)+IFM(managed)+ORIGIN(natural)+SILV_STATE(baseline)+RETENTION(0.670257292405503)
44,1.0 x 0+treatment()+AU(985502003)+IFM(managed)+ORIGIN(planted)+SILV_STATE(cc_pl)+RETENTION(0.670257292405503)
45,1.0 x 0+treatment()+AU(985503001)+IFM(unmanaged)+ORIGIN(planted)+SILV_STATE(cc_pl)+RETENTION(0.035)
46,1.0 x 0+treatment()+AU(985503001)+IFM(managed)+ORIGIN(planted)+SILV_STATE(cc_pl)+RETENTION(0.035)
47,1.0 x 0+treatment()+AU(985503001)+IFM(managed)+ORIGIN(planted)+SILV_STATE(cc_pl_pct)+RETENTION(0.035)
48,1.0 x 0+treatment()+AU(985503000)+IFM(unmanaged)+ORIGIN(natural)+SILV_STATE(baseline)+RETENTION(0.094658756466889)
49,1.0 x 0+treatment()+AU(985503000)+IFM(managed)+ORIGIN(natural)+SILV_STATE(baseline)+RETENTION(0.094658756466889)
50,1.0 x 0+treatment()+AU(985503000)+IFM(managed)+ORIGIN(planted)+SILV_STATE(cc_pl)+RETENTION(0.094658756466889)
51,1.0 x 0+treatment()+AU(985503000)+IFM(managed)+ORIGIN(planted)+SILV_STATE(cc_pl_pct)+RETENTION(0.094658756466889)
52,1.0 x 0+treatment()+AU(985501000)+IFM(unmanaged)+ORIGIN(natural)+SILV_STATE(baseline)+RETENTION(0.083429829930807)
53,1.0 x 0+treatment()+AU(985501000)+IFM(managed)+ORIGIN(natural)+SILV_STATE(baseline)+RETENTION(0.083429829930807)
54,1.0 x 0+treatment()+AU(985501000)+IFM(managed)+ORIGIN(planted)+SILV_STATE(cc_pl)+RETENTION(0.083429829930807)
55,1.0 x 0+treatment()+AU(985502006)+IFM(unmanaged)+ORIGIN(natural)+SILV_STATE(baseline)+RETENTION(1.0)
56,1.0 x 0+treatment()+AU(985501000)+IFM(unmanaged)+ORIGIN(planted)+SILV_STATE(cc_pl)+RETENTION(0.340040308561643)
57,1.0 x 0+treatment()+AU(985501000)+IFM(managed)+ORIGIN(planted)+SILV_STATE(cc_pl)+RETENTION(0.340040308561643)
58,1.0 x 0+treatment()+AU(985503000)+IFM(unmanaged)+ORIGIN(planted)+SILV_STATE(cc_pl)+RETENTION(0.045344228314493)
59,1.0 x 0+treatment()+AU(985503000)+IFM(managed)+ORIGIN(planted)+SILV_STATE(cc_pl)+RETENTION(0.045344228314493)
60,1.0 x 0+treatment()+AU(985503000)+IFM(managed)+ORIGIN(planted)+SILV_STATE(cc_pl_pct)+RETENTION(0.045344228314493)
61,1.0 x 0+treatment()+AU(985502007)+IFM(unmanaged)+ORIGIN(natural)+SILV_STATE(baseline)+RETENTION(0.279581043563297)
62,1.0 x 0+treatment()+AU(985502007)+IFM(managed)+ORIGIN(natural)+SILV_STATE(baseline)+RETENTION(0.279581043563297)
63,1.0 x 0+treatment()+AU(985502007)+IFM(managed)+ORIGIN(planted)+SILV_STATE(cc_pl)+RETENTION(0.279581043563297)
64,1.0 x 0+treatment()+AU(985502001)+IFM(unmanaged)+ORIGIN(planted)+SILV_STATE(cc_pl)+RETENTION(0.035)
65,1.0 x 0+treatment()+AU(985502001)+IFM(managed)+ORIGIN(planted)+SILV_STATE(cc_pl)+RETENTION(0.035)
66,1.0 x 0+treatment()+AU(985502001)+IFM(managed)+ORIGIN(planted)+SILV_STATE(cc_pl_pct)+RETENTION(0.035)
67,1.0 x 0+treatment()+AU(985503000)+IFM(unmanaged)+ORIGIN(planted)+SILV_STATE(cc_pl)+RETENTION(0.161074795426115)
68,1.0 x 0+treatment()+AU(985503000)+IFM(managed)+ORIGIN(planted)+SILV_STATE(cc_pl)+RETENTION(0.161074795426115)
69,1.0 x 0+treatment()+AU(985503000)+IFM(managed)+ORIGIN(planted)+SILV_STATE(cc_pl_pct)+RETENTION(0.161074795426115)
70,1.0 x 0+treatment()+AU(985503003)+IFM(unmanaged)+ORIGIN(natural)+SILV_STATE(baseline)+RETENTION(0.497101452628146)
71,1.0 x 0+treatment()+AU(985503003)+IFM(managed)+ORIGIN(natural)+SILV_STATE(baseline)+RETENTION(0.497101452628146)
72,1.0 x 0+treatment()+AU(985503003)+IFM(managed)+ORIGIN(planted)+SILV_STATE(cc_pl)+RETENTION(0.497101452628146)
73,1.0 x 0+treatment()+AU(985501001)+IFM(unmanaged)+ORIGIN(natural)+SILV_STATE(baseline)+RETENTION(0.040950023928988)
74,1.0 x 0+treatment()+AU(985501001)+IFM(managed)+ORIGIN(natural)+SILV_STATE(baseline)+RETENTION(0.040950023928988)
75,1.0 x 0+treatment()+AU(985501001)+IFM(managed)+ORIGIN(planted)+SILV_STATE(cc_pl)+RETENTION(0.040950023928988)
76,1.0 x 0+treatment()+AU(985501003)+IFM(unmanaged)+ORIGIN(natural)+SILV_STATE(baseline)+RETENTION(0.795168603959491)
77,1.0 x 0+treatment()+AU(985501003)+IFM(managed)+ORIGIN(natural)+SILV_STATE(baseline)+RETENTION(0.795168603959491)
78,1.0 x 0+treatment()+AU(985501003)+IFM(managed)+ORIGIN(planted)+SILV_STATE(cc_pl)+RETENTION(0.795168603959491)
79,1.0 x 0+treatment()+AU(985502003)+IFM(unmanaged)+ORIGIN(natural)+SILV_STATE(baseline)+RETENTION(0.035)
80,1.0 x 0+treatment()+AU(985502003)+IFM(managed)+ORIGIN(natural)+SILV_STATE(baseline)+RETENTION(0.035)
81,1.0 x 0+treatment()+AU(985502003)+IFM(managed)+ORIGIN(planted)+SILV_STATE(cc_pl)+RETENTION(0.035)
82,1.0 x 0+treatment()+AU(985502002)+IFM(unmanaged)+ORIGIN(planted)+SILV_STATE(cc_pl)+RETENTION(0.035)
83,1.0 x 0+treatment()+AU(985503000)+IFM(unmanaged)+ORIGIN(planted)+SILV_STATE(cc_pl)+RETENTION(0.047770491905831)
84,1.0 x 0+treatment()+AU(985503000)+IFM(managed)+ORIGIN(planted)+SILV_STATE(cc_pl)+RETENTION(0.047770491905831)
85,1.0 x 0+treatment()+AU(985503000)+IFM(managed)+ORIGIN(planted)+SILV_STATE(cc_pl_pct)+RETENTION(0.047770491905831)
86,1.0 x 0+treatment()+AU(985501000)+IFM(unmanaged)+ORIGIN(natural)+SILV_STATE(baseline)+RETENTION(0.226425461344206)
87,1.0 x 0+treatment()+AU(985501000)+IFM(managed)+ORIGIN(natural)+SILV_STATE(baseline)+RETENTION(0.226425461344206)
88,1.0 x 0+treatment()+AU(985501000)+IFM(managed)+ORIGIN(planted)+SILV_STATE(cc_pl)+RETENTION(0.226425461344206)
89,1.0 x 0+treatment()+AU(985501001)+IFM(unmanaged)+ORIGIN(planted)+SILV_STATE(cc_pl)+RETENTION(0.035)
90,1.0 x 0+treatment()+AU(985501001)+IFM(managed)+ORIGIN(planted)+SILV_STATE(cc_pl)+RETENTION(0.035)
91,1.0 x 0+treatment()+AU(985501000)+IFM(unmanaged)+ORIGIN(natural)+SILV_STATE(baseline)+RETENTION(0.035)
92,1.0 x 0+treatment()+AU(985501000)+IFM(managed)+ORIGIN(natural)+SILV_STATE(baseline)+RETENTION(0.035)
93,1.0 x 0+treatment()+AU(985501003)+IFM(unmanaged)+ORIGIN(natural)+SILV_STATE(baseline)+RETENTION(0.089446694663384)
94,1.0 x 0+treatment()+AU(985501003)+IFM(managed)+ORIGIN(natural)+SILV_STATE(baseline)+RETENTION(0.089446694663384)
95,1.0 x 0+treatment()+AU(985501003)+IFM(managed)+ORIGIN(planted)+SILV_STATE(cc_pl)+RETENTION(0.089446694663384)
96,1.0 x 0+treatment()+AU(985502004)+IFM(unmanaged)+ORIGIN(planted)+SILV_STATE(cc_pl)+RETENTION(0.179126780072567)
97,1.0 x 0+treatment()+AU(985502004)+IFM(managed)+ORIGIN(planted)+SILV_STATE(cc_pl)+RETENTION(0.179126780072567)
98,1.0 x 0+treatment()+AU(985501001)+IFM(unmanaged)+ORIGIN(planted)+SILV_STATE(cc_pl)+RETENTION(0.11179494433963)
99,1.0 x 0+treatment()+AU(985501001)+IFM(managed)+ORIGIN(planted)+SILV_STATE(cc_pl)+RETENTION(0.11179494433963)
100,1.0 x 0+treatment()+AU(985503003)+IFM(unmanaged)+ORIGIN(natural)+SILV_STATE(baseline)+RETENTION(0.035)
101,1.0 x 0+treatment()+AU(985503003)+IFM(managed)+ORIGIN(natural)+SILV_STATE(baseline)+RETENTION(0.035)
102,1.0 x 0+treatment()+AU(985503003)+IFM(managed)+ORIGIN(planted)+SILV_STATE(cc_pl)+RETENTION(0.035)
103,1.0 x 0+treatment()+AU(985502002)+IFM(unmanaged)+ORIGIN(natural)+SILV_STATE(baseline)+RETENTION(0.825222811817728)
104,1.0 x 0+treatment()+AU(985502002)+IFM(managed)+ORIGIN(natural)+SILV_STATE(baseline)+RETENTION(0.825222811817728)
105,1.0 x 0+treatment()+AU(985502002)+IFM(managed)+ORIGIN(planted)+SILV_STATE(cc_pl)+RETENTION(0.825222811817728)
106,1.0 x 0+treatment()+AU(985502004)+IFM(unmanaged)+ORIGIN(planted)+SILV_STATE(cc_pl)+RETENTION(0.715073525371983)
107,1.0 x 0+treatment()+AU(985502004)+IFM(managed)+ORIGIN(planted)+SILV_STATE(cc_pl)+RETENTION(0.715073525371983)
108,1.0 x 0+treatment()+AU(985502004)+IFM(unmanaged)+ORIGIN(planted)+SILV_STATE(cc_pl)+RETENTION(0.565949293976324)
109,1.0 x 0+treatment()+AU(985502004)+IFM(managed)+ORIGIN(planted)+SILV_STATE(cc_pl)+RETENTION(0.565949293976324)
110,1.0 x 0+treatment()+AU(985501001)+IFM(unmanaged)+ORIGIN(planted)+SILV_STATE(cc_pl)+RETENTION(0.177146481856507)
111,1.0 x 0+treatment()+AU(985501001)+IFM(managed)+ORIGIN(planted)+SILV_STATE(cc_pl)+RETENTION(0.177146481856507)
112,1.0 x 0+treatment()+AU(985502002)+IFM(unmanaged)+ORIGIN(natural)+SILV_STATE(baseline)+RETENTION(0.282280865427848)
113,1.0 x 0+treatment()+AU(985502002)+IFM(managed)+ORIGIN(natural)+SILV_STATE(baseline)+RETENTION(0.282280865427848)
114,1.0 x 0+treatment()+AU(985502002)+IFM(managed)+ORIGIN(planted)+SILV_STATE(cc_pl)+RETENTION(0.282280865427848)
115,1.0 x 0+treatment()+AU(985502008)+IFM(unmanaged)+ORIGIN(natural)+SILV_STATE(baseline)+RETENTION(1.0)
116,1.0 x 0+treatment()+AU(985503000)+IFM(unmanaged)+ORIGIN(natural)+SILV_STATE(baseline)+RETENTION(0.035)
117,1.0 x 0+treatment()+AU(985503000)+IFM(managed)+ORIGIN(natural)+SILV_STATE(baseline)+RETENTION(0.035)
118,1.0 x 0+treatment()+AU(985502002)+IFM(unmanaged)+ORIGIN(natural)+SILV_STATE(baseline)+RETENTION(0.281513567409352)
119,1.0 x 0+treatment()+AU(985502002)+IFM(managed)+ORIGIN(natural)+SILV_STATE(baseline)+RETENTION(0.281513567409352)
120,1.0 x 0+treatment()+AU(985502002)+IFM(managed)+ORIGIN(planted)+SILV_STATE(cc_pl)+RETENTION(0.281513567409352)
121,1.0 x 0+treatment()+AU(985503000)+IFM(unmanaged)+ORIGIN(planted)+SILV_STATE(cc_pl)+RETENTION(0.595791786279342)
122,1.0 x 0+treatment()+AU(985503000)+IFM(managed)+ORIGIN(planted)+SILV_STATE(cc_pl)+RETENTION(0.595791786279342)
123,1.0 x 0+treatment()+AU(985503000)+IFM(managed)+ORIGIN(planted)+SILV_STATE(cc_pl_pct)+RETENTION(0.595791786279342)
124,1.0 x 0+treatment()+AU(985503000)+IFM(unmanaged)+ORIGIN(planted)+SILV_STATE(cc_pl)+RETENTION(0.501422323682337)
125,1.0 x 0+treatment()+AU(985503000)+IFM(managed)+ORIGIN(planted)+SILV_STATE(cc_pl)+RETENTION(0.501422323682337)
126,1.0 x 0+treatment()+AU(985503000)+IFM(managed)+ORIGIN(planted)+SILV_STATE(cc_pl_pct)+RETENTION(0.501422323682337)
127,1.0 x 0+treatment()+AU(985501000)+IFM(unmanaged)+ORIGIN(planted)+SILV_STATE(cc_pl)+RETENTION(0.122079092444068)
128,1.0 x 0+treatment()+AU(985501000)+IFM(managed)+ORIGIN(planted)+SILV_STATE(cc_pl)+RETENTION(0.122079092444068)
129,1.0 x 0+treatment()+AU(985502002)+IFM(unmanaged)+ORIGIN(natural)+SILV_STATE(baseline)+RETENTION(0.162590585993911)
130,1.0 x 0+treatment()+AU(985502002)+IFM(managed)+ORIGIN(natural)+SILV_STATE(baseline)+RETENTION(0.162590585993911)
131,1.0 x 0+treatment()+AU(985502002)+IFM(managed)+ORIGIN(planted)+SILV_STATE(cc_pl)+RETENTION(0.162590585993911)
132,1.0 x 0+treatment()+AU(985502001)+IFM(unmanaged)+ORIGIN(natural)+SILV_STATE(baseline)+RETENTION(0.326381380930685)
133,1.0 x 0+treatment()+AU(985502001)+IFM(managed)+ORIGIN(natural)+SILV_STATE(baseline)+RETENTION(0.326381380930685)
134,1.0 x 0+treatment()+AU(985502001)+IFM(managed)+ORIGIN(planted)+SILV_STATE(cc_pl)+RETENTION(0.326381380930685)
135,1.0 x 0+treatment()+AU(985502001)+IFM(managed)+ORIGIN(planted)+SILV_STATE(cc_pl_pct)+RETENTION(0.326381380930685)
136,1.0 x 0+treatment()+AU(985501001)+IFM(unmanaged)+ORIGIN(natural)+SILV_STATE(baseline)+RETENTION(1.0)
137,1.0 x 0+treatment()+AU(985503000)+IFM(unmanaged)+ORIGIN(planted)+SILV_STATE(cc_pl)+RETENTION(0.581197300518106)
138,1.0 x 0+treatment()+AU(985503000)+IFM(managed)+ORIGIN(planted)+SILV_STATE(cc_pl)+RETENTION(0.581197300518106)
139,1.0 x 0+treatment()+AU(985503000)+IFM(managed)+ORIGIN(planted)+SILV_STATE(cc_pl_pct)+RETENTION(0.581197300518106)
140,1.0 x 0+treatment()+AU(985502002)+IFM(unmanaged)+ORIGIN(planted)+SILV_STATE(cc_pl)+RETENTION(0.223464870626845)
141,1.0 x 0+treatment()+AU(985502002)+IFM(managed)+ORIGIN(planted)+SILV_STATE(cc_pl)+RETENTION(0.223464870626845)
142,1.0 x 0+treatment()+AU(985501000)+IFM(unmanaged)+ORIGIN(natural)+SILV_STATE(baseline)+RETENTION(0.078365529059234)
143,1.0 x 0+treatment()+AU(985501000)+IFM(managed)+ORIGIN(natural)+SILV_STATE(baseline)+RETENTION(0.078365529059234)
144,1.0 x 0+treatment()+AU(985501000)+IFM(managed)+ORIGIN(planted)+SILV_STATE(cc_pl)+RETENTION(0.078365529059234)
145,1.0 x 0+treatment()+AU(985503000)+IFM(unmanaged)+ORIGIN(planted)+SILV_STATE(cc_pl)+RETENTION(0.691962124571385)
146,1.0 x 0+treatment()+AU(985503000)+IFM(managed)+ORIGIN(planted)+SILV_STATE(cc_pl)+RETENTION(0.691962124571385)
147,1.0 x 0+treatment()+AU(985503000)+IFM(managed)+ORIGIN(planted)+SILV_STATE(cc_pl_pct)+RETENTION(0.691962124571385)
148,1.0 x 0+treatment()+AU(985503003)+IFM(unmanaged)+ORIGIN(natural)+SILV_STATE(baseline)+RETENTION(0.610979902530386)
149,1.0 x 0+treatment()+AU(985503003)+IFM(managed)+ORIGIN(natural)+SILV_STATE(baseline)+RETENTION(0.610979902530386)
150,1.0 x 0+treatment()+AU(985503003)+IFM(managed)+ORIGIN(planted)+SILV_STATE(cc_pl)+RETENTION(0.610979902530386)
151,1.0 x 0+treatment()+AU(985502002)+IFM(unmanaged)+ORIGIN(natural)+SILV_STATE(baseline)+RETENTION(0.874630288290976)
152,1.0 x 0+treatment()+AU(985502002)+IFM(managed)+ORIGIN(natural)+SILV_STATE(baseline)+RETENTION(0.874630288290976)
153,1.0 x 0+treatment()+AU(985502002)+IFM(managed)+ORIGIN(planted)+SILV_STATE(cc_pl)+RETENTION(0.874630288290976)
154,1.0 x 0+treatment()+AU(985503003)+IFM(unmanaged)+ORIGIN(planted)+SILV_STATE(cc_pl)+RETENTION(0.035)
155,1.0 x 0+treatment()+AU(985502003)+IFM(unmanaged)+ORIGIN(natural)+SILV_STATE(baseline)+RETENTION(0.114577176477186)
156,1.0 x 0+treatment()+AU(985502003)+IFM(managed)+ORIGIN(natural)+SILV_STATE(baseline)+RETENTION(0.114577176477186)
157,1.0 x 0+treatment()+AU(985502003)+IFM(managed)+ORIGIN(planted)+SILV_STATE(cc_pl)+RETENTION(0.114577176477186)
158,1.0 x 0+treatment()+AU(985503000)+IFM(unmanaged)+ORIGIN(planted)+SILV_STATE(cc_pl)+RETENTION(0.301627962835364)
159,1.0 x 0+treatment()+AU(985503000)+IFM(managed)+ORIGIN(planted)+SILV_STATE(cc_pl)+RETENTION(0.301627962835364)
160,1.0 x 0+treatment()+AU(985503000)+IFM(managed)+ORIGIN(planted)+SILV_STATE(cc_pl_pct)+RETENTION(0.301627962835364)
161,1.0 x 0+treatment()+AU(985501000)+IFM(unmanaged)+ORIGIN(planted)+SILV_STATE(cc_pl)+RETENTION(0.070347781261467)
162,1.0 x 0+treatment()+AU(985501000)+IFM(managed)+ORIGIN(planted)+SILV_STATE(cc_pl)+RETENTION(0.070347781261467)
163,1.0 x 0+treatment()+AU(985503000)+IFM(unmanaged)+ORIGIN(natural)+SILV_STATE(baseline)+RETENTION(0.38787045574894)
164,1.0 x 0+treatment()+AU(985503000)+IFM(managed)+ORIGIN(natural)+SILV_STATE(baseline)+RETENTION(0.38787045574894)
165,1.0 x 0+treatment()+AU(985503000)+IFM(managed)+ORIGIN(planted)+SILV_STATE(cc_pl)+RETENTION(0.38787045574894)
166,1.0 x 0+treatment()+AU(985503000)+IFM(managed)+ORIGIN(planted)+SILV_STATE(cc_pl_pct)+RETENTION(0.38787045574894)
167,1.0 x 0+treatment()+AU(985502007)+IFM(unmanaged)+ORIGIN(natural)+SILV_STATE(baseline)+RETENTION(0.318435268261237)
168,1.0 x 0+treatment()+AU(985502007)+IFM(managed)+ORIGIN(natural)+SILV_STATE(baseline)+RETENTION(0.318435268261237)
169,1.0 x 0+treatment()+AU(985502007)+IFM(managed)+ORIGIN(planted)+SILV_STATE(cc_pl)+RETENTION(0.318435268261237)
170,1.0 x 0+treatment()+AU(985502002)+IFM(unmanaged)+ORIGIN(natural)+SILV_STATE(baseline)+RETENTION(0.30017286652235)
171,1.0 x 0+treatment()+AU(985502002)+IFM(managed)+ORIGIN(natural)+SILV_STATE(baseline)+RETENTION(0.30017286652235)
172,1.0 x 0+treatment()+AU(985502002)+IFM(managed)+ORIGIN(planted)+SILV_STATE(cc_pl)+RETENTION(0.30017286652235)
173,1.0 x 0+treatment()+AU(985503001)+IFM(unmanaged)+ORIGIN(planted)+SILV_STATE(cc_pl)+RETENTION(0.215510706603254)
174,1.0 x 0+treatment()+AU(985503001)+IFM(managed)+ORIGIN(planted)+SILV_STATE(cc_pl)+RETENTION(0.215510706603254)
175,1.0 x 0+treatment()+AU(985503001)+IFM(managed)+ORIGIN(planted)+SILV_STATE(cc_pl_pct)+RETENTION(0.215510706603254)
176,1.0 x 0+treatment()+AU(985501003)+IFM(unmanaged)+ORIGIN(natural)+SILV_STATE(baseline)+RETENTION(0.765111328934803)
177,1.0 x 0+treatment()+AU(985501003)+IFM(managed)+ORIGIN(natural)+SILV_STATE(baseline)+RETENTION(0.765111328934803)
178,1.0 x 0+treatment()+AU(985501003)+IFM(managed)+ORIGIN(planted)+SILV_STATE(cc_pl)+RETENTION(0.765111328934803)
179,1.0 x 0+treatment()+AU(985502001)+IFM(unmanaged)+ORIGIN(planted)+SILV_STATE(cc_pl)+RETENTION(0.047528581136063)
180,1.0 x 0+treatment()+AU(985502001)+IFM(managed)+ORIGIN(planted)+SILV_STATE(cc_pl)+RETENTION(0.047528581136063)
181,1.0 x 0+treatment()+AU(985502001)+IFM(managed)+ORIGIN(planted)+SILV_STATE(cc_pl_pct)+RETENTION(0.047528581136063)
182,1.0 x 0+treatment()+AU(985502002)+IFM(unmanaged)+ORIGIN(natural)+SILV_STATE(baseline)+RETENTION(0.145812436284451)
183,1.0 x 0+treatment()+AU(985502002)+IFM(managed)+ORIGIN(natural)+SILV_STATE(baseline)+RETENTION(0.145812436284451)
184,1.0 x 0+treatment()+AU(985502002)+IFM(managed)+ORIGIN(planted)+SILV_STATE(cc_pl)+RETENTION(0.145812436284451)
185,1.0 x 0+treatment()+AU(985502008)+IFM(unmanaged)+ORIGIN(natural)+SILV_STATE(baseline)+RETENTION(0.99)
186,1.0 x 0+treatment()+AU(985502008)+IFM(managed)+ORIGIN(natural)+SILV_STATE(baseline)+RETENTION(0.99)
187,1.0 x 0+treatment()+AU(985502008)+IFM(managed)+ORIGIN(planted)+SILV_STATE(cc_pl)+RETENTION(0.99)
188,1.0 x 0+treatment()+AU(985502004)+IFM(unmanaged)+ORIGIN(planted)+SILV_STATE(cc_pl)+RETENTION(0.882185468875652)
189,1.0 x 0+treatment()+AU(985502004)+IFM(managed)+ORIGIN(planted)+SILV_STATE(cc_pl)+RETENTION(0.882185468875652)
190,1.0 x 0+treatment()+AU(985503000)+IFM(unmanaged)+ORIGIN(planted)+SILV_STATE(cc_pl)+RETENTION(0.051842828000545)
191,1.0 x 0+treatment()+AU(985503000)+IFM(managed)+ORIGIN(planted)+SILV_STATE(cc_pl)+RETENTION(0.051842828000545)
192,1.0 x 0+treatment()+AU(985503000)+IFM(managed)+ORIGIN(planted)+SILV_STATE(cc_pl_pct)+RETENTION(0.051842828000545)
193,1.0 x 0+treatment()+AU(985503000)+IFM(unmanaged)+ORIGIN(natural)+SILV_STATE(baseline)+RETENTION(0.442500513712955)
194,1.0 x 0+treatment()+AU(985503000)+IFM(managed)+ORIGIN(natural)+SILV_STATE(baseline)+RETENTION(0.442500513712955)
195,1.0 x 0+treatment()+AU(985503000)+IFM(managed)+ORIGIN(planted)+SILV_STATE(cc_pl)+RETENTION(0.442500513712955)
196,1.0 x 0+treatment()+AU(985503000)+IFM(managed)+ORIGIN(planted)+SILV_STATE(cc_pl_pct)+RETENTION(0.442500513712955)
197,1.0 x 0+treatment()+AU(985501000)+IFM(unmanaged)+ORIGIN(planted)+SILV_STATE(cc_pl)+RETENTION(0.648827333101125)
198,1.0 x 0+treatment()+AU(985501000)+IFM(managed)+ORIGIN(planted)+SILV_STATE(cc_pl)+RETENTION(0.648827333101125)
199,1.0 x 0+treatment()+AU(985503001)+IFM(unmanaged)+ORIGIN(planted)+SILV_STATE(cc_pl)+RETENTION(0.144428337899884)
200,1.0 x 0+treatment()+AU(985503001)+IFM(managed)+ORIGIN(planted)+SILV_STATE(cc_pl)+RETENTION(0.144428337899884)
201,1.0 x 0+treatment()+AU(985503001)+IFM(managed)+ORIGIN(planted)+SILV_STATE(cc_pl_pct)+RETENTION(0.144428337899884)
202,1.0 x 0+treatment()+AU(985502003)+IFM(unmanaged)+ORIGIN(natural)+SILV_STATE(baseline)+RETENTION(0.404335644977407)
203,1.0 x 0+treatment()+AU(985502003)+IFM(managed)+ORIGIN(natural)+SILV_STATE(baseline)+RETENTION(0.404335644977407)
204,1.0 x 0+treatment()+AU(985502003)+IFM(managed)+ORIGIN(planted)+SILV_STATE(cc_pl)+RETENTION(0.404335644977407)
205,1.0 x 0+treatment()+AU(985501003)+IFM(unmanaged)+ORIGIN(natural)+SILV_STATE(baseline)+RETENTION(1.0)
206,1.0 x 0+treatment()+AU(985503000)+IFM(unmanaged)+ORIGIN(planted)+SILV_STATE(cc_pl)+RETENTION(0.149568075902232)
207,1.0 x 0+treatment()+AU(985503000)+IFM(managed)+ORIGIN(planted)+SILV_STATE(cc_pl)+RETENTION(0.149568075902232)
208,1.0 x 0+treatment()+AU(985503000)+IFM(managed)+ORIGIN(planted)+SILV_STATE(cc_pl_pct)+RETENTION(0.149568075902232)
209,1.0 x 0+treatment()+AU(985502001)+IFM(unmanaged)+ORIGIN(planted)+SILV_STATE(cc_pl)+RETENTION(0.046376978165406)
210,1.0 x 0+treatment()+AU(985502001)+IFM(managed)+ORIGIN(planted)+SILV_STATE(cc_pl)+RETENTION(0.046376978165406)
211,1.0 x 0+treatment()+AU(985502001)+IFM(managed)+ORIGIN(planted)+SILV_STATE(cc_pl_pct)+RETENTION(0.046376978165406)
212,1.0 x 0+treatment()+AU(985502004)+IFM(unmanaged)+ORIGIN(planted)+SILV_STATE(cc_pl)+RETENTION(0.661131377675157)
213,1.0 x 0+treatment()+AU(985502004)+IFM(managed)+ORIGIN(planted)+SILV_STATE(cc_pl)+RETENTION(0.661131377675157)
214,1.0 x 0+treatment()+AU(985503003)+IFM(unmanaged)+ORIGIN(natural)+SILV_STATE(baseline)+RETENTION(0.494232493334407)
215,1.0 x 0+treatment()+AU(985503003)+IFM(managed)+ORIGIN(natural)+SILV_STATE(baseline)+RETENTION(0.494232493334407)
216,1.0 x 0+treatment()+AU(985503003)+IFM(managed)+ORIGIN(planted)+SILV_STATE(cc_pl)+RETENTION(0.494232493334407)
217,1.0 x 0+treatment()+AU(985503000)+IFM(unmanaged)+ORIGIN(planted)+SILV_STATE(cc_pl)+RETENTION(0.937094606722601)
218,1.0 x 0+treatment()+AU(985503000)+IFM(managed)+ORIGIN(planted)+SILV_STATE(cc_pl)+RETENTION(0.937094606722601)
219,1.0 x 0+treatment()+AU(985503000)+IFM(managed)+ORIGIN(planted)+SILV_STATE(cc_pl_pct)+RETENTION(0.937094606722601)
220,1.0 x 0+treatment()+AU(985503003)+IFM(unmanaged)+ORIGIN(planted)+SILV_STATE(cc_pl)+RETENTION(0.044747027281018)
221,1.0 x 0+treatment()+AU(985503003)+IFM(managed)+ORIGIN(planted)+SILV_STATE(cc_pl)+RETENTION(0.044747027281018)
222,1.0 x 0+treatment()+AU(985503001)+IFM(unmanaged)+ORIGIN(planted)+SILV_STATE(cc_pl)+RETENTION(0.072316093064927)
223,1.0 x 0+treatment()+AU(985503001)+IFM(managed)+ORIGIN(planted)+SILV_STATE(cc_pl)+RETENTION(0.072316093064927)
224,1.0 x 0+treatment()+AU(985503001)+IFM(managed)+ORIGIN(planted)+SILV_STATE(cc_pl_pct)+RETENTION(0.072316093064927)
225,1.0 x 0+treatment()+AU(985503000)+IFM(unmanaged)+ORIGIN(planted)+SILV_STATE(cc_pl)+RETENTION(0.374414632392907)
226,1.0 x 0+treatment()+AU(985503000)+IFM(managed)+ORIGIN(planted)+SILV_STATE(cc_pl)+RETENTION(0.374414632392907)
227,1.0 x 0+treatment()+AU(985503000)+IFM(managed)+ORIGIN(planted)+SILV_STATE(cc_pl_pct)+RETENTION(0.374414632392907)
228,1.0 x 0+treatment()+AU(985501001)+IFM(unmanaged)+ORIGIN(natural)+SILV_STATE(baseline)+RETENTION(0.035)
229,1.0 x 0+treatment()+AU(985501001)+IFM(managed)+ORIGIN(natural)+SILV_STATE(baseline)+RETENTION(0.035)
230,1.0 x 0+treatment()+AU(985501001)+IFM(unmanaged)+ORIGIN(natural)+SILV_STATE(baseline)+RETENTION(0.083839292567014)
231,1.0 x 0+treatment()+AU(985501001)+IFM(managed)+ORIGIN(natural)+SILV_STATE(baseline)+RETENTION(0.083839292567014)
232,1.0 x 0+treatment()+AU(985501001)+IFM(managed)+ORIGIN(planted)+SILV_STATE(cc_pl)+RETENTION(0.083839292567014)
233,1.0 x 0+treatment()+AU(985503000)+IFM(unmanaged)+ORIGIN(natural)+SILV_STATE(baseline)+RETENTION(0.207666800176193)
234,1.0 x 0+treatment()+AU(985503000)+IFM(managed)+ORIGIN(natural)+SILV_STATE(baseline)+RETENTION(0.207666800176193)
235,1.0 x 0+treatment()+AU(985503000)+IFM(managed)+ORIGIN(planted)+SILV_STATE(cc_pl)+RETENTION(0.207666800176193)
236,1.0 x 0+treatment()+AU(985503000)+IFM(managed)+ORIGIN(planted)+SILV_STATE(cc_pl_pct)+RETENTION(0.207666800176193)
237,1.0 x 0+treatment()+AU(985502004)+IFM(unmanaged)+ORIGIN(planted)+SILV_STATE(cc_pl)+RETENTION(0.688008632091097)
238,1.0 x 0+treatment()+AU(985502004)+IFM(managed)+ORIGIN(planted)+SILV_STATE(cc_pl)+RETENTION(0.688008632091097)
239,1.0 x 0+treatment()+AU(985503001)+IFM(unmanaged)+ORIGIN(planted)+SILV_STATE(cc_pl)+RETENTION(0.346509070480962)
240,1.0 x 0+treatment()+AU(985503001)+IFM(managed)+ORIGIN(planted)+SILV_STATE(cc_pl)+RETENTION(0.346509070480962)
241,1.0 x 0+treatment()+AU(985503001)+IFM(managed)+ORIGIN(planted)+SILV_STATE(cc_pl_pct)+RETENTION(0.346509070480962)
242,1.0 x 0+treatment()+AU(985503000)+IFM(unmanaged)+ORIGIN(planted)+SILV_STATE(cc_pl)+RETENTION(0.153269833161428)
243,1.0 x 0+treatment()+AU(985503000)+IFM(managed)+ORIGIN(planted)+SILV_STATE(cc_pl)+RETENTION(0.153269833161428)
244,1.0 x 0+treatment()+AU(985503000)+IFM(managed)+ORIGIN(planted)+SILV_STATE(cc_pl_pct)+RETENTION(0.153269833161428)
245,1.0 x 0+treatment()+AU(985502003)+IFM(unmanaged)+ORIGIN(planted)+SILV_STATE(cc_pl)+RETENTION(0.314062835092469)
246,1.0 x 0+treatment()+AU(985502003)+IFM(managed)+ORIGIN(planted)+SILV_STATE(cc_pl)+RETENTION(0.314062835092469)
247,1.0 x 0+treatment()+AU(985502004)+IFM(unmanaged)+ORIGIN(planted)+SILV_STATE(cc_pl)+RETENTION(0.270071285180665)
248,1.0 x 0+treatment()+AU(985502004)+IFM(managed)+ORIGIN(planted)+SILV_STATE(cc_pl)+RETENTION(0.270071285180665)
249,1.0 x 0+treatment()+AU(985502002)+IFM(unmanaged)+ORIGIN(natural)+SILV_STATE(baseline)+RETENTION(0.811866701682445)
250,1.0 x 0+treatment()+AU(985502002)+IFM(managed)+ORIGIN(natural)+SILV_STATE(baseline)+RETENTION(0.811866701682445)
251,1.0 x 0+treatment()+AU(985502002)+IFM(managed)+ORIGIN(planted)+SILV_STATE(cc_pl)+RETENTION(0.811866701682445)
252,1.0 x 0+treatment()+AU(985503003)+IFM(unmanaged)+ORIGIN(natural)+SILV_STATE(baseline)+RETENTION(0.087739129426273)
253,1.0 x 0+treatment()+AU(985503003)+IFM(managed)+ORIGIN(natural)+SILV_STATE(baseline)+RETENTION(0.087739129426273)
254,1.0 x 0+treatment()+AU(985503003)+IFM(managed)+ORIGIN(planted)+SILV_STATE(cc_pl)+RETENTION(0.087739129426273)
255,1.0 x 0+treatment()+AU(985502004)+IFM(unmanaged)+ORIGIN(planted)+SILV_STATE(cc_pl)+RETENTION(0.576205377358853)
256,1.0 x 0+treatment()+AU(985502004)+IFM(managed)+ORIGIN(planted)+SILV_STATE(cc_pl)+RETENTION(0.576205377358853)
257,1.0 x 0+treatment()+AU(985501000)+IFM(unmanaged)+ORIGIN(natural)+SILV_STATE(baseline)+RETENTION(0.228867422610761)
258,1.0 x 0+treatment()+AU(985501000)+IFM(managed)+ORIGIN(natural)+SILV_STATE(baseline)+RETENTION(0.228867422610761)
259,1.0 x 0+treatment()+AU(985501000)+IFM(managed)+ORIGIN(planted)+SILV_STATE(cc_pl)+RETENTION(0.228867422610761)
260,1.0 x 0+treatment()+AU(985502005)+IFM(unmanaged)+ORIGIN(natural)+SILV_STATE(baseline)+RETENTION(0.28031497264675)
261,1.0 x 0+treatment()+AU(985502005)+IFM(managed)+ORIGIN(natural)+SILV_STATE(baseline)+RETENTION(0.28031497264675)
262,1.0 x 0+treatment()+AU(985502005)+IFM(managed)+ORIGIN(planted)+SILV_STATE(cc_pl)+RETENTION(0.28031497264675)
263,1.0 x 0+treatment()+AU(985503003)+IFM(unmanaged)+ORIGIN(natural)+SILV_STATE(baseline)+RETENTION(0.144298309458217)
264,1.0 x 0+treatment()+AU(985503003)+IFM(managed)+ORIGIN(natural)+SILV_STATE(baseline)+RETENTION(0.144298309458217)
265,1.0 x 0+treatment()+AU(985503003)+IFM(managed)+ORIGIN(planted)+SILV_STATE(cc_pl)+RETENTION(0.144298309458217)
266,1.0 x 0+treatment()+AU(985502007)+IFM(unmanaged)+ORIGIN(natural)+SILV_STATE(baseline)+RETENTION(0.140458869078009)
267,1.0 x 0+treatment()+AU(985502007)+IFM(managed)+ORIGIN(natural)+SILV_STATE(baseline)+RETENTION(0.140458869078009)
268,1.0 x 0+treatment()+AU(985502007)+IFM(managed)+ORIGIN(planted)+SILV_STATE(cc_pl)+RETENTION(0.140458869078009)
269,1.0 x 0+treatment()+AU(985502006)+IFM(unmanaged)+ORIGIN(natural)+SILV_STATE(baseline)+RETENTION(0.99)
270,1.0 x 0+treatment()+AU(985502006)+IFM(managed)+ORIGIN(natural)+SILV_STATE(baseline)+RETENTION(0.99)
271,1.0 x 0+treatment()+AU(985502006)+IFM(managed)+ORIGIN(planted)+SILV_STATE(cc_pl)+RETENTION(0.99)
272,1.0 x 0+treatment()+AU(985502007)+IFM(unmanaged)+ORIGIN(natural)+SILV_STATE(baseline)+RETENTION(0.180154264313365)
273,1.0 x 0+treatment()+AU(985502007)+IFM(managed)+ORIGIN(natural)+SILV_STATE(baseline)+RETENTION(0.180154264313365)
274,1.0 x 0+treatment()+AU(985502007)+IFM(managed)+ORIGIN(planted)+SILV_STATE(cc_pl)+RETENTION(0.180154264313365)
275,1.0 x 0+treatment()+AU(985503001)+IFM(unmanaged)+ORIGIN(planted)+SILV_STATE(cc_pl)+RETENTION(0.052357027640407)
276,1.0 x 0+treatment()+AU(985503001)+IFM(managed)+ORIGIN(planted)+SILV_STATE(cc_pl)+RETENTION(0.052357027640407)
277,1.0 x 0+treatment()+AU(985503001)+IFM(managed)+ORIGIN(planted)+SILV_STATE(cc_pl_pct)+RETENTION(0.052357027640407)
278,1.0 x 0+treatment()+AU(985501000)+IFM(unmanaged)+ORIGIN(planted)+SILV_STATE(cc_pl)+RETENTION(0.574279042279409)
279,1.0 x 0+treatment()+AU(985501000)+IFM(managed)+ORIGIN(planted)+SILV_STATE(cc_pl)+RETENTION(0.574279042279409)
280,1.0 x 0+treatment()+AU(985501000)+IFM(unmanaged)+ORIGIN(natural)+SILV_STATE(baseline)+RETENTION(0.112373765353201)
281,1.0 x 0+treatment()+AU(985501000)+IFM(managed)+ORIGIN(natural)+SILV_STATE(baseline)+RETENTION(0.112373765353201)
282,1.0 x 0+treatment()+AU(985501000)+IFM(managed)+ORIGIN(planted)+SILV_STATE(cc_pl)+RETENTION(0.112373765353201)
283,1.0 x 0+treatment()+AU(985501001)+IFM(unmanaged)+ORIGIN(natural)+SILV_STATE(baseline)+RETENTION(0.448147897409673)
284,1.0 x 0+treatment()+AU(985501001)+IFM(managed)+ORIGIN(natural)+SILV_STATE(baseline)+RETENTION(0.448147897409673)
285,1.0 x 0+treatment()+AU(985501001)+IFM(managed)+ORIGIN(planted)+SILV_STATE(cc_pl)+RETENTION(0.448147897409673)
286,1.0 x 0+treatment()+AU(985503000)+IFM(unmanaged)+ORIGIN(natural)+SILV_STATE(baseline)+RETENTION(0.073003775770929)
287,1.0 x 0+treatment()+AU(985503000)+IFM(managed)+ORIGIN(natural)+SILV_STATE(baseline)+RETENTION(0.073003775770929)
288,1.0 x 0+treatment()+AU(985503000)+IFM(managed)+ORIGIN(planted)+SILV_STATE(cc_pl)+RETENTION(0.073003775770929)
289,1.0 x 0+treatment()+AU(985503000)+IFM(managed)+ORIGIN(planted)+SILV_STATE(cc_pl_pct)+RETENTION(0.073003775770929)
290,1.0 x 0+treatment()+AU(985502005)+IFM(unmanaged)+ORIGIN(planted)+SILV_STATE(cc_pl)+RETENTION(0.035)
291,1.0 x 0+treatment()+AU(985502005)+IFM(managed)+ORIGIN(planted)+SILV_STATE(cc_pl)+RETENTION(0.035)
292,1.0 x 0+treatment()+AU(985502003)+IFM(unmanaged)+ORIGIN(natural)+SILV_STATE(baseline)+RETENTION(0.197818404376291)
293,1.0 x 0+treatment()+AU(985502003)+IFM(managed)+ORIGIN(natural)+SILV_STATE(baseline)+RETENTION(0.197818404376291)
294,1.0 x 0+treatment()+AU(985502003)+IFM(managed)+ORIGIN(planted)+SILV_STATE(cc_pl)+RETENTION(0.197818404376291)
295,1.0 x 0+treatment()+AU(985503003)+IFM(unmanaged)+ORIGIN(natural)+SILV_STATE(baseline)+RETENTION(0.055424831392087)
296,1.0 x 0+treatment()+AU(985503003)+IFM(managed)+ORIGIN(natural)+SILV_STATE(baseline)+RETENTION(0.055424831392087)
297,1.0 x 0+treatment()+AU(985503003)+IFM(managed)+ORIGIN(planted)+SILV_STATE(cc_pl)+RETENTION(0.055424831392087)
298,1.0 x 0+treatment()+AU(985501000)+IFM(unmanaged)+ORIGIN(planted)+SILV_STATE(cc_pl)+RETENTION(0.117160185966314)
299,1.0 x 0+treatment()+AU(985501000)+IFM(managed)+ORIGIN(planted)+SILV_STATE(cc_pl)+RETENTION(0.117160185966314)
300,1.0 x 0+treatment()+AU(985502004)+IFM(unmanaged)+ORIGIN(planted)+SILV_STATE(cc_pl)+RETENTION(0.035)
301,1.0 x 0+treatment()+AU(985502004)+IFM(managed)+ORIGIN(planted)+SILV_STATE(cc_pl)+RETENTION(0.035)
302,1.0 x 0+treatment()+AU(985501000)+IFM(unmanaged)+ORIGIN(natural)+SILV_STATE(baseline)+RETENTION(0.309982310881903)
303,1.0 x 0+treatment()+AU(985501000)+IFM(managed)+ORIGIN(natural)+SILV_STATE(baseline)+RETENTION(0.309982310881903)
304,1.0 x 0+treatment()+AU(985501000)+IFM(managed)+ORIGIN(planted)+SILV_STATE(cc_pl)+RETENTION(0.309982310881903)
305,1.0 x 0+treatment()+AU(985503000)+IFM(unmanaged)+ORIGIN(planted)+SILV_STATE(cc_pl)+RETENTION(0.069926054133852)
306,1.0 x 0+treatment()+AU(985503000)+IFM(managed)+ORIGIN(planted)+SILV_STATE(cc_pl)+RETENTION(0.069926054133852)
307,1.0 x 0+treatment()+AU(985503000)+IFM(managed)+ORIGIN(planted)+SILV_STATE(cc_pl_pct)+RETENTION(0.069926054133852)
308,1.0 x 0+treatment()+AU(985503000)+IFM(unmanaged)+ORIGIN(planted)+SILV_STATE(cc_pl)+RETENTION(0.076384733315972)
309,1.0 x 0+treatment()+AU(985503000)+IFM(managed)+ORIGIN(planted)+SILV_STATE(cc_pl)+RETENTION(0.076384733315972)
310,1.0 x 0+treatment()+AU(985503000)+IFM(managed)+ORIGIN(planted)+SILV_STATE(cc_pl_pct)+RETENTION(0.076384733315972)
311,1.0 x 0+treatment()+AU(985501000)+IFM(unmanaged)+ORIGIN(natural)+SILV_STATE(baseline)+RETENTION(0.257208353638426)
312,1.0 x 0+treatment()+AU(985501000)+IFM(managed)+ORIGIN(natural)+SILV_STATE(baseline)+RETENTION(0.257208353638426)
313,1.0 x 0+treatment()+AU(985501000)+IFM(managed)+ORIGIN(planted)+SILV_STATE(cc_pl)+RETENTION(0.257208353638426)
314,1.0 x 0+treatment()+AU(985502005)+IFM(unmanaged)+ORIGIN(planted)+SILV_STATE(cc_pl)+RETENTION(0.793822489716033)
315,1.0 x 0+treatment()+AU(985502005)+IFM(managed)+ORIGIN(planted)+SILV_STATE(cc_pl)+RETENTION(0.793822489716033)
316,1.0 x 0+treatment()+AU(985502001)+IFM(unmanaged)+ORIGIN(planted)+SILV_STATE(cc_pl)+RETENTION(0.103674899822976)
317,1.0 x 0+treatment()+AU(985502001)+IFM(managed)+ORIGIN(planted)+SILV_STATE(cc_pl)+RETENTION(0.103674899822976)
318,1.0 x 0+treatment()+AU(985502001)+IFM(managed)+ORIGIN(planted)+SILV_STATE(cc_pl_pct)+RETENTION(0.103674899822976)
319,1.0 x 0+treatment()+AU(985503000)+IFM(unmanaged)+ORIGIN(planted)+SILV_STATE(cc_pl)+RETENTION(0.057265426181755)
320,1.0 x 0+treatment()+AU(985503000)+IFM(managed)+ORIGIN(planted)+SILV_STATE(cc_pl)+RETENTION(0.057265426181755)
321,1.0 x 0+treatment()+AU(985503000)+IFM(managed)+ORIGIN(planted)+SILV_STATE(cc_pl_pct)+RETENTION(0.057265426181755)
322,1.0 x 0+treatment()+AU(985503000)+IFM(unmanaged)+ORIGIN(planted)+SILV_STATE(cc_pl)+RETENTION(0.161721782385957)
323,1.0 x 0+treatment()+AU(985503000)+IFM(managed)+ORIGIN(planted)+SILV_STATE(cc_pl)+RETENTION(0.161721782385957)
324,1.0 x 0+treatment()+AU(985503000)+IFM(managed)+ORIGIN(planted)+SILV_STATE(cc_pl_pct)+RETENTION(0.161721782385957)
325,1.0 x 0+treatment()+AU(985503001)+IFM(unmanaged)+ORIGIN(natural)+SILV_STATE(baseline)+RETENTION(0.035)
326,1.0 x 0+treatment()+AU(985503001)+IFM(managed)+ORIGIN(natural)+SILV_STATE(baseline)+RETENTION(0.035)
327,1.0 x 0+treatment()+AU(985503000)+IFM(unmanaged)+ORIGIN(natural)+SILV_STATE(baseline)+RETENTION(0.211048640449287)
328,1.0 x 0+treatment()+AU(985503000)+IFM(managed)+ORIGIN(natural)+SILV_STATE(baseline)+RETENTION(0.211048640449287)
329,1.0 x 0+treatment()+AU(985503000)+IFM(managed)+ORIGIN(planted)+SILV_STATE(cc_pl)+RETENTION(0.211048640449287)
330,1.0 x 0+treatment()+AU(985503000)+IFM(managed)+ORIGIN(planted)+SILV_STATE(cc_pl_pct)+RETENTION(0.211048640449287)
331,1.0 x 0+treatment()+AU(985501001)+IFM(unmanaged)+ORIGIN(planted)+SILV_STATE(cc_pl)+RETENTION(0.492819712944452)
332,1.0 x 0+treatment()+AU(985501001)+IFM(managed)+ORIGIN(planted)+SILV_STATE(cc_pl)+RETENTION(0.492819712944452)
333,1.0 x 0+treatment()+AU(985503001)+IFM(unmanaged)+ORIGIN(planted)+SILV_STATE(cc_pl)+RETENTION(0.366819716152041)
334,1.0 x 0+treatment()+AU(985503001)+IFM(managed)+ORIGIN(planted)+SILV_STATE(cc_pl)+RETENTION(0.366819716152041)
335,1.0 x 0+treatment()+AU(985503001)+IFM(managed)+ORIGIN(planted)+SILV_STATE(cc_pl_pct)+RETENTION(0.366819716152041)
336,1.0 x 0+treatment()+AU(985501000)+IFM(unmanaged)+ORIGIN(planted)+SILV_STATE(cc_pl)+RETENTION(0.05468673168752)
337,1.0 x 0+treatment()+AU(985501000)+IFM(managed)+ORIGIN(planted)+SILV_STATE(cc_pl)+RETENTION(0.05468673168752)
338,1.0 x 0+treatment()+AU(985502003)+IFM(unmanaged)+ORIGIN(natural)+SILV_STATE(baseline)+RETENTION(1.0)
339,1.0 x 0+treatment()+AU(985502003)+IFM(unmanaged)+ORIGIN(natural)+SILV_STATE(baseline)+RETENTION(0.611896918097674)
340,1.0 x 0+treatment()+AU(985502003)+IFM(managed)+ORIGIN(natural)+SILV_STATE(baseline)+RETENTION(0.611896918097674)
341,1.0 x 0+treatment()+AU(985502003)+IFM(managed)+ORIGIN(planted)+SILV_STATE(cc_pl)+RETENTION(0.611896918097674)
342,1.0 x 0+treatment()+AU(985503003)+IFM(unmanaged)+ORIGIN(natural)+SILV_STATE(baseline)+RETENTION(0.087430024345165)
343,1.0 x 0+treatment()+AU(985503003)+IFM(managed)+ORIGIN(natural)+SILV_STATE(baseline)+RETENTION(0.087430024345165)
344,1.0 x 0+treatment()+AU(985503003)+IFM(managed)+ORIGIN(planted)+SILV_STATE(cc_pl)+RETENTION(0.087430024345165)
345,1.0 x 0+treatment()+AU(985502001)+IFM(unmanaged)+ORIGIN(natural)+SILV_STATE(baseline)+RETENTION(0.421533607959446)
346,1.0 x 0+treatment()+AU(985502001)+IFM(managed)+ORIGIN(natural)+SILV_STATE(baseline)+RETENTION(0.421533607959446)
347,1.0 x 0+treatment()+AU(985502001)+IFM(managed)+ORIGIN(planted)+SILV_STATE(cc_pl)+RETENTION(0.421533607959446)
348,1.0 x 0+treatment()+AU(985502001)+IFM(managed)+ORIGIN(planted)+SILV_STATE(cc_pl_pct)+RETENTION(0.421533607959446)
349,1.0 x 0+treatment()+AU(985503000)+IFM(unmanaged)+ORIGIN(planted)+SILV_STATE(cc_pl)+RETENTION(0.044910862062989)
350,1.0 x 0+treatment()+AU(985503000)+IFM(managed)+ORIGIN(planted)+SILV_STATE(cc_pl)+RETENTION(0.044910862062989)
351,1.0 x 0+treatment()+AU(985503000)+IFM(managed)+ORIGIN(planted)+SILV_STATE(cc_pl_pct)+RETENTION(0.044910862062989)
>>>>>>> efc06db00839ec5c562c646de9a049e2f302b35e
